Date,AMD,AMZN,GOOGL,META,MSFT,NVDA,ORCL,PLTR,^IXIC
2023-01-03,64.0199966430664,85.81999969482422,88.4516830444336,123.87469482421875,233.98565673828125,14.30068302154541,80.45584869384766,6.389999866485596,10386.98046875
2023-01-04,64.66000366210938,85.13999938964844,87.41948699951172,126.48645782470703,223.7503662109375,14.734249114990234,81.18622589111328,6.579999923706055,10458.759765625
2023-01-05,62.33000183105469,83.12000274658203,85.55357360839844,126.05943298339844,217.118896484375,14.250734329223633,81.02285766601562,6.320000171661377,10305.240234375
2023-01-06,63.959999084472656,86.08000183105469,86.68502807617188,129.1180877685547,219.67770385742188,14.844139099121094,82.3202133178711,6.400000095367432,10569.2900390625
2023-01-09,67.23999786376953,87.36000061035156,87.35993194580078,128.5718994140625,221.8166046142578,15.612372398376465,83.36199188232422,6.5,10635.650390625
2023-01-10,68.05000305175781,89.87000274658203,87.7569351196289,132.06747436523438,223.5062255859375,15.89309024810791,83.43916320800781,6.699999809265137,10742.6298828125
2023-01-11,69.05999755859375,95.08999633789062,90.83368682861328,131.96817016601562,230.2646026611328,15.984997749328613,85.46485900878906,6.980000019073486,10931.669921875
2023-01-12,70.80000305175781,95.2699966430664,90.44660186767578,135.7616729736328,232.9406280517578,16.494487762451172,85.63848876953125,7.010000228881836,11001.099609375
2023-01-13,71.0,98.12000274658203,91.42919158935547,136.02976989746094,233.64382934570312,16.882099151611328,86.04360961914062,6.960000038146973,11079.16015625
2023-01-17,71.58999633789062,96.05000305175781,90.60541534423828,134.42103576660156,234.7376708984375,17.684297561645508,85.46485900878906,7.070000171661377,11095.1103515625
2023-01-18,70.52999877929688,95.45999908447266,90.43669128417969,132.09727478027344,230.3036651611328,17.359621047973633,83.64173889160156,6.900000095367432,10957.009765625
2023-01-19,67.70999908447266,93.68000030517578,92.35221099853516,135.20553588867188,226.51425170898438,16.74822998046875,82.89897918701172,6.730000019073486,10852.26953125
2023-01-20,70.06999969482422,97.25,97.2849349975586,138.40321350097656,234.61068725585938,17.8211612701416,84.16262817382812,7.019999980926514,11140.4296875
2023-01-23,76.52999877929688,97.5199966430664,99.04166412353516,142.27613830566406,236.91558837890625,19.173809051513672,85.82176208496094,7.380000114440918,11364.41015625
2023-01-24,74.69999694824219,96.31999969482422,96.96733856201172,142.14707946777344,236.38816833496094,19.245729446411133,86.52593231201172,7.019999980926514,11334.26953125
2023-01-25,74.91000366210938,97.18000030517578,94.50594329833984,140.5184326171875,234.9916229248047,19.303680419921875,86.46805572509766,7.21999979019165,11313.3603515625
2023-01-26,75.16000366210938,99.22000122070312,96.78868103027344,146.2781982421875,242.2090606689453,19.782197952270508,86.65133666992188,7.239999771118164,11512.41015625
2023-01-27,75.4000015258789,102.23999786376953,98.62481689453125,150.68740844726562,242.36529541015625,20.344633102416992,85.8410415649414,7.550000190734863,11621.7099609375
2023-01-30,72.44999694824219,100.55000305175781,96.21304321289062,146.03985595703125,237.04258728027344,19.14283561706543,84.25910186767578,7.369999885559082,11393.8095703125
2023-01-31,75.1500015258789,103.12999725341797,98.0987777709961,147.9365997314453,242.0234375,19.51746368408203,85.32981872558594,7.78000020980835,11584.5498046875
2023-02-01,84.63999938964844,105.1500015258789,99.67686462402344,152.05783081054688,246.84808349609375,20.922056198120117,86.86354064941406,8.199999809265137,11816.3203125
2023-02-02,88.30999755859375,112.91000366210938,106.93205261230469,187.46051025390625,258.4214172363281,21.68729019165039,86.2172622680664,8.989999771118164,12200.8203125
2023-02-03,86.08999633789062,103.38999938964844,103.99425506591797,185.23606872558594,252.31736755371094,21.078899383544922,86.44876861572266,8.40999984741211,12006.9501953125
2023-02-06,83.68000030517578,102.18000030517578,102.12834930419922,184.76930236816406,250.77426147460938,21.06791114807129,85.39734649658203,8.3100004196167,11887.4501953125
2023-02-07,85.91000366210938,102.11000061035156,106.83280181884766,190.29075622558594,261.31231689453125,22.15082359313965,84.63528442382812,8.329999923706055,12113.7900390625
2023-02-08,84.69000244140625,100.05000305175781,98.62481689453125,182.1575469970703,260.5017395019531,22.18279266357422,83.6224365234375,8.220000267028809,11910.51953125
2023-02-09,83.20999908447266,98.23999786376953,94.29751586914062,176.68576049804688,257.46429443359375,22.31466293334961,83.5838623046875,7.949999809265137,11789.580078125
2023-02-10,81.4800033569336,97.61000061035156,93.86080169677734,172.9419403076172,256.9564514160156,21.243732452392578,84.0565185546875,7.510000228881836,11718.1201171875
2023-02-13,83.12999725341797,99.54000091552734,93.90050506591797,178.18533325195312,264.9845275878906,21.766212463378906,86.2558364868164,7.610000133514404,11891.7900390625
2023-02-14,85.94999694824219,99.69999694824219,93.9699935913086,178.23497009277344,265.8146667480469,22.948028564453125,85.93753051757812,9.220000267028809,11960.150390625
2023-02-15,85.18000030517578,101.16000366210938,96.21304321289062,175.9310760498047,263.6900329589844,22.741233825683594,85.21404266357422,10.109999656677246,12070.58984375
2023-02-16,80.08000183105469,98.1500015258789,94.79376220703125,171.2438201904297,256.6698913574219,21.979995727539062,84.61600494384766,9.710000038146973,11855.830078125
2023-02-17,78.5,97.19999694824219,93.64244842529297,171.68075561523438,252.66539001464844,21.366607666015625,84.19156646728516,9.199999809265137,11787.26953125
2023-02-21,76.7699966430664,94.58000183105469,91.1016616821289,170.88629150390625,247.3880615234375,20.634342193603516,83.14976501464844,8.470000267028809,11492.2998046875
2023-02-22,76.61000061035156,95.79000091552734,90.96272277832031,169.93296813964844,246.2523193359375,20.733245849609375,83.26554107666016,8.359999656677246,11507.0703125
2023-02-23,79.75,95.81999969482422,90.20840454101562,170.84657287597656,249.4441680908203,23.64033317565918,85.44557189941406,8.170000076293945,11590.400390625
2023-02-24,78.08999633789062,93.5,88.46160125732422,169.2080078125,244.0101776123047,23.262712478637695,85.5227279663086,8.09000015258789,11394.9404296875
2023-02-27,78.7699966430664,93.76000213623047,89.1960678100586,168.36392211914062,244.9305419921875,23.477497100830078,84.84749603271484,8.029999732971191,11466.98046875
2023-02-28,78.58000183105469,94.2300033569336,89.38462829589844,173.72645568847656,244.20599365234375,23.192779541015625,84.30732727050781,7.840000152587891,11455.5400390625
2023-03-01,78.29000091552734,92.16999816894531,89.68238830566406,172.21701049804688,241.1218719482422,22.67530059814453,83.28482055664062,7.690000057220459,11379.48046875
2023-03-02,80.44000244140625,92.12999725341797,91.31008911132812,173.3192901611328,245.86068725585938,23.29068374633789,83.89253997802734,7.96999979019165,11462.98046875
2023-03-03,81.5199966430664,94.9000015258789,92.94770812988281,183.96495056152344,249.9532928466797,23.866106033325195,86.09185791015625,8.329999923706055,11689.009765625
2023-03-06,81.16000366210938,93.75,94.41661071777344,183.61737060546875,251.50027465820312,23.530445098876953,86.56451416015625,8.279999732971191,11675.740234375
2023-03-07,82.11000061035156,93.55000305175781,93.1561508178711,183.23008728027344,248.8371124267578,23.26866340637207,85.23334503173828,8.279999732971191,11530.330078125
2023-03-08,85.37000274658203,93.91999816894531,93.54320526123047,183.68687438964844,248.39651489257812,24.160921096801758,85.35875701904297,8.130000114440918,11576.0
2023-03-09,84.02999877929688,92.25,91.62769317626953,180.42965698242188,247.04539489746094,23.416536331176758,83.79606628417969,7.690000057220459,11338.349609375
2023-03-10,82.66999816894531,90.7300033569336,89.95035552978516,178.26475524902344,243.39337158203125,22.9459285736084,81.09514617919922,7.349999904632568,11138.8896484375
2023-03-13,82.01000213623047,92.43000030517578,90.4267578125,179.64508056640625,248.6119384765625,22.946928024291992,81.92472076416016,7.869999885559082,11188.83984375
2023-03-14,87.44999694824219,94.87999725341797,93.26531219482422,192.67410278320312,255.33831787109375,24.043014526367188,81.56782531738281,7.889999866485596,11428.150390625
2023-03-15,89.68000030517578,96.19999694824219,95.38926696777344,196.3782196044922,259.8911437988281,24.2078800201416,80.04373168945312,7.900000095367432,11434.0498046875
2023-03-16,96.5999984741211,100.04000091552734,99.56769561767578,203.50843811035156,270.42620849609375,25.519790649414062,81.8186264038086,7.980000019073486,11717.2802734375
2023-03-17,97.83999633789062,98.94999694824219,100.85794830322266,194.25306701660156,273.5885925292969,25.703641891479492,82.24305725097656,7.880000114440918,11630.509765625
2023-03-20,96.80999755859375,97.70999908447266,100.46094512939453,196.4378204345703,266.5391845703125,25.878494262695312,83.88288116455078,8.079999923706055,11675.5400390625
2023-03-21,95.93000030517578,100.61000061035156,104.1332015991211,200.7576141357422,268.0567626953125,26.177244186401367,84.48095703125,8.449999809265137,11860.1103515625
2023-03-22,97.58000183105469,98.69999694824219,102.59481811523438,198.42393493652344,266.597900390625,26.446020126342773,84.78963470458984,8.210000038146973,11669.9599609375
2023-03-23,100.27999877929688,98.70999908447266,104.80810546875,202.86293029785156,271.8556823730469,27.168420791625977,84.67388153076172,8.329999923706055,11787.400390625
2023-03-24,97.94999694824219,98.12999725341797,104.64930725097656,204.5809326171875,274.7048645019531,26.75676155090332,84.89573669433594,8.199999809265137,11823.9599609375
2023-03-27,96.61000061035156,98.04000091552734,101.69164276123047,201.4329376220703,270.6024169921875,26.508970260620117,86.95036315917969,8.039999961853027,11768.83984375
2023-03-28,94.55999755859375,97.23999786376953,100.27236938476562,199.2879180908203,269.47650146484375,26.388071060180664,86.67062377929688,8.0,11716.080078125
2023-03-29,96.08999633789062,100.25,100.62966918945312,203.92552185058594,274.6460876464844,26.961591720581055,87.41338348388672,8.220000267028809,11926.240234375
2023-03-30,97.87999725341797,102.0,100.1334228515625,206.3982391357422,278.1120910644531,27.360258102416992,87.30726623535156,8.149999618530273,12013.4697265625
2023-03-31,98.01000213623047,103.29000091552734,102.95211791992188,210.4698028564453,282.27325439453125,27.753934860229492,89.63198852539062,8.449999809265137,12221.91015625
2023-04-03,96.55999755859375,102.41000366210938,103.57740783691406,211.59197998046875,281.2256164550781,27.9417781829834,90.59660339355469,8.380000114440918,12189.4501953125
2023-04-04,95.87000274658203,103.94999694824219,103.93470764160156,213.2305145263672,281.1766662597656,27.43020248413086,90.67378234863281,8.350000381469727,12126.330078125
2023-04-05,92.55999755859375,101.0999984741211,103.68657684326172,210.01300048828125,278.39599609375,26.858680725097656,91.53227233886719,7.980000019073486,11996.8603515625
2023-04-06,92.47000122070312,102.05999755859375,107.60694885253906,214.60093688964844,285.5042724609375,27.01454734802246,92.52584075927734,8.09000015258789,12087.9599609375
2023-04-10,95.4800033569336,102.16999816894531,105.64180755615234,213.2602996826172,283.3404846191406,27.556100845336914,90.82101440429688,8.390000343322754,12084.3603515625
2023-04-11,94.02999877929688,99.91999816894531,104.55997467041016,212.3665313720703,276.9175720214844,27.146438598632812,91.02442169189453,8.609999656677246,12031.8798828125
2023-04-12,92.33000183105469,97.83000183105469,103.85530090332031,212.51551818847656,277.5638122558594,26.472999572753906,90.95662689208984,8.329999923706055,11929.33984375
2023-04-13,92.08999633789062,102.4000015258789,106.62437438964844,218.82147216796875,283.7810363769531,26.441024780273438,92.55490112304688,8.579999923706055,12166.26953125
2023-04-14,91.75,102.51000213623047,108.05358123779297,219.95355224609375,280.1584167480469,26.73577880859375,92.70987701416016,8.8100004196167,12123.4697265625
2023-04-17,89.87000274658203,102.73999786376953,105.17533111572266,217.341796875,282.7627868652344,26.979576110839844,92.59364318847656,8.800000190734863,12157.7197265625
2023-04-18,89.77999877929688,102.30000305175781,103.71634674072266,216.37852478027344,282.3417663574219,27.644027709960938,93.4460678100586,8.729999542236328,12153.41015625
2023-04-19,89.94000244140625,104.30000305175781,103.39875030517578,214.20372009277344,282.4201354980469,27.907804489135742,92.8067398071289,8.489999771118164,12157.23046875
2023-04-20,90.11000061035156,103.80999755859375,104.50042724609375,211.59197998046875,280.1290283203125,27.081493377685547,91.85746765136719,8.149999618530273,12059.5595703125
2023-04-21,88.43000030517578,106.95999908447266,104.6195297241211,211.4132080078125,279.7864074707031,27.096477508544922,92.16741943359375,8.180000305175781,12072.4599609375
2023-04-24,87.56999969482422,106.20999908447266,105.17533111572266,211.31390380859375,275.8797302246094,27.019546508789062,92.44834899902344,8.100000381469727,12037.2001953125
2023-04-25,83.80000305175781,102.56999969482422,103.07122039794922,206.1102294921875,269.66253662109375,26.219209671020508,91.11160278320312,7.739999771118164,11799.16015625
2023-04-26,85.94000244140625,104.9800033569336,102.93225860595703,207.94741821289062,289.19549560546875,26.93361473083496,90.77256774902344,7.739999771118164,11854.349609375
2023-04-27,87.44000244140625,109.81999969482422,106.78316497802734,236.9051513671875,298.4577331542969,27.203392028808594,92.06088256835938,7.820000171661377,12142.240234375
2023-04-28,89.37000274658203,105.44999694824219,106.5350570678711,238.65292358398438,300.8369445800781,27.72595977783203,91.75093078613281,7.75,12226.580078125
2023-05-01,89.69000244140625,102.05000305175781,106.39610290527344,241.4930877685547,299.1724548339844,28.885995864868164,91.8962173461914,7.78000020980835,12212.599609375
2023-05-02,89.91000366210938,103.62999725341797,104.53019714355469,237.58041381835938,299.02557373046875,28.186573028564453,91.82841491699219,7.590000152587891,12080.509765625
2023-05-03,81.62000274658203,103.6500015258789,104.6195297241211,235.38575744628906,298.0367126464844,27.77891731262207,91.80902862548828,7.559999942779541,12025.330078125
2023-05-04,86.61000061035156,104.0,103.90492248535156,231.90011596679688,299.02557373046875,27.539112091064453,91.99308776855469,7.380000114440918,11966.400390625
2023-05-05,89.83999633789062,105.66000366210938,104.7783203125,231.1652374267578,304.1560363769531,28.656185150146484,93.93038177490234,7.409999847412109,12235.41015625
2023-05-08,95.04000091552734,105.83000183105469,106.96182250976562,231.65184020996094,302.1978454589844,29.126794815063477,93.75603485107422,7.739999771118164,12256.919921875
2023-05-09,95.05999755859375,106.62000274658203,106.54496765136719,231.75111389160156,300.58233642578125,28.54727554321289,93.12639617919922,9.550000190734863,12179.5498046875
2023-05-10,97.0199966430664,110.19000244140625,110.9119873046875,231.46315002441406,305.7813415527344,28.86101722717285,94.46315002441406,9.9399995803833,12306.4404296875
2023-05-11,97.0999984741211,112.18000030517578,115.69584655761719,234.1543426513672,303.6272888183594,28.554269790649414,94.38565063476562,9.880000114440918,12328.509765625
2023-05-12,95.26000213623047,110.26000213623047,116.6287841796875,232.18809509277344,302.5111389160156,28.316465377807617,94.78279876708984,9.5,12284.740234375
2023-05-15,97.4000015258789,111.19999694824219,115.63629150390625,237.2030792236328,302.9908752441406,28.928955078125,94.21129608154297,9.520000457763672,12365.2099609375
2023-05-16,101.4800033569336,113.4000015258789,118.6137924194336,237.16334533691406,305.2232360839844,29.18874168395996,95.1702651977539,9.470000267028809,12343.0498046875
2023-05-17,103.75,115.5,119.93380737304688,240.80789184570312,308.10809326171875,30.152938842773438,96.64260864257812,10.25,12500.5703125
2023-05-18,107.93000030517578,118.1500015258789,121.90890502929688,245.13763427734375,312.5433044433594,31.651695251464844,99.13204193115234,11.739999771118164,12688.83984375
2023-05-19,105.81999969482422,116.25,121.83941650390625,243.93605041503906,312.36663818359375,31.238037109375,99.61637878417969,11.710000038146973,12657.900390625
2023-05-22,108.0,115.01000213623047,124.11225128173828,246.59744262695312,315.15338134765625,31.15011215209961,98.57991027832031,11.84000015258789,12720.7802734375
2023-05-23,108.12000274658203,114.98999786376953,121.64090728759766,245.02841186523438,309.3444519042969,30.66251564025879,95.45118713378906,12.640000343322754,12560.25
2023-05-24,108.2699966430664,116.75,119.99336242675781,247.4812774658203,307.96087646484375,30.51263999938965,95.23806762695312,12.229999542236328,12484.16015625
2023-05-25,120.3499984741211,115.0,122.55401611328125,250.93714904785156,319.8044128417969,37.94845962524414,101.02093505859375,12.84000015258789,12698.08984375
2023-05-26,127.02999877929688,120.11000061035156,123.67555236816406,260.2222900390625,326.6436462402344,38.913658142089844,100.8175048828125,13.649999618530273,12975.6904296875
2023-05-30,125.2699966430664,121.66000366210938,122.74259948730469,260.6989440917969,324.9951171875,40.07769012451172,101.85397338867188,14.710000038146973,13017.4296875
2023-05-31,118.20999908447266,120.58000183105469,121.94859313964844,262.8836975097656,322.2280578613281,37.802574157714844,102.61920928955078,14.710000038146973,12935.2900390625
2023-06-01,119.47000122070312,122.7699966430664,122.79222106933594,270.71893310546875,326.3393859863281,39.73698043823242,102.66764068603516,14.539999961853027,13100.98046875
2023-06-02,117.86000061035156,124.25,123.7350845336914,270.71893310546875,329.1065368652344,39.29433822631836,102.57078552246094,14.520000457763672,13240.76953125
2023-06-05,117.93000030517578,125.30000305175781,125.06504821777344,269.5074157714844,329.6363830566406,39.13847732543945,103.57817840576172,15.239999771118164,13229.4296875
2023-06-06,124.2300033569336,126.61000061035156,126.35530090332031,269.2392578125,327.4188232421875,38.62189483642578,103.74285888671875,15.460000038146973,13276.419921875
2023-06-07,117.83000183105469,121.2300033569336,121.58135986328125,261.7714538574219,317.31207275390625,37.447750091552734,101.9508285522461,14.6899995803833,13104.900390625
2023-06-08,121.05000305175781,124.25,121.22406005859375,262.74462890625,319.1567687988281,38.48200225830078,104.1109390258789,15.1899995803833,13238.51953125
2023-06-09,124.91999816894531,123.43000030517578,121.31340026855469,263.11212158203125,320.6581115722656,38.74181365966797,106.40664672851562,15.020000457763672,13259.1396484375
2023-06-12,129.19000244140625,126.56999969482422,122.71279907226562,269.1697692871094,325.6231384277344,39.45329284667969,112.78038787841797,15.649999618530273,13461.919921875
2023-06-13,124.52999877929688,126.66000366210938,122.9013900756836,269.4378967285156,328.017333984375,40.9921760559082,113.02255249023438,16.0,13573.3203125
2023-06-14,127.33000183105469,126.41999816894531,122.74259948730469,271.45379638671875,331.0101318359375,42.96574020385742,118.43733215332031,15.90999984741211,13626.48046875
2023-06-15,124.23999786376953,127.11000061035156,124.15194702148438,279.8749694824219,341.5682678222656,42.62199401855469,122.58316802978516,16.600000381469727,13782.8203125
2023-06-16,120.08000183105469,125.48999786376953,122.60364532470703,279.05072021484375,335.9064636230469,42.66096115112305,121.52733612060547,16.299999237060547,13689.5703125
2023-06-20,118.93000030517578,125.77999877929688,122.1768569946289,282.35760498046875,331.706787109375,43.77615737915039,118.21454620361328,15.789999961853027,13667.2900390625
2023-06-21,112.11000061035156,124.83000183105469,119.64599609375,279.6863098144531,327.3010559082031,43.013702392578125,118.27265167236328,14.640000343322754,13502.2001953125
2023-06-22,110.69999694824219,130.14999389648438,122.22649383544922,282.9038391113281,333.3356628417969,42.99372100830078,116.8003158569336,14.050000190734863,13630.6103515625
2023-06-23,110.01000213623047,129.3300018310547,121.42255401611328,286.72711181640625,328.733642578125,42.17831802368164,114.92111206054688,14.029999732971191,13492.51953125
2023-06-26,107.51000213623047,127.33000183105469,117.45255279541016,276.5382995605469,322.4341125488281,40.60245895385742,113.11941528320312,13.9399995803833,13335.7802734375
2023-06-27,110.38999938964844,129.17999267578125,117.44263458251953,285.05877685546875,328.2920837402344,41.845550537109375,114.14618682861328,14.609999656677246,13555.669921875
2023-06-28,110.16999816894531,129.0399932861328,119.27874755859375,283.3110046386719,329.548095703125,41.08711242675781,112.87724304199219,15.279999732971191,13591.75
2023-06-29,111.23999786376953,127.9000015258789,118.20685577392578,279.5770568847656,328.7630920410156,40.792320251464844,114.08806610107422,15.199999809265137,13591.330078125
2023-06-30,113.91000366210938,130.36000061035156,118.8023452758789,284.9892883300781,334.1501159667969,42.271244049072266,115.35698699951172,15.329999923706055,13787.919921875
2023-07-03,115.81999969482422,130.22000122070312,119.0008544921875,284.035888671875,331.64794921875,42.38216781616211,113.47782135009766,15.520000457763672,13816.76953125
2023-07-05,113.94999694824219,130.3800048828125,120.83699035644531,292.3280029296875,331.8049621582031,42.28623962402344,112.32511901855469,15.699999809265137,13791.650390625
2023-07-06,113.4800033569336,128.36000061035156,119.20928192138672,289.9645080566406,334.8663635253906,42.07239532470703,111.83112335205078,15.130000114440918,13679.0400390625
2023-07-07,113.16999816894531,129.77999877929688,118.5840072631836,288.5146179199219,330.8923645019531,42.47209930419922,111.0174331665039,15.34000015258789,13660.7197265625
2023-07-10,113.58000183105469,127.12999725341797,115.57673645019531,292.0599060058594,325.603515625,42.14933395385742,110.79466247558594,16.299999237060547,13685.48046875
2023-07-11,111.31999969482422,128.77999877929688,116.26155090332031,296.2208251953125,326.23150634765625,42.37417221069336,111.66948699951172,16.489999771118164,13760.7001953125
2023-07-12,114.58000183105469,130.8000030517578,118.03813171386719,307.19415283203125,330.872802734375,43.870086669921875,112.77763366699219,16.59000015258789,13918.9599609375
2023-07-13,115.91999816894531,134.3000030517578,123.60607147216797,311.23590087890625,336.2303161621094,45.94357681274414,114.16767883300781,16.739999771118164,14138.5703125
2023-07-14,115.94000244140625,134.67999267578125,124.47946166992188,306.7274475097656,338.7618713378906,45.435943603515625,115.93682861328125,16.399999618530273,14113.7001953125
2023-07-17,118.31999969482422,133.55999755859375,123.71524810791016,308.4653015136719,339.24267578125,46.42721939086914,115.56743621826172,17.399999618530273,14244.9501953125
2023-07-18,117.93000030517578,132.8300018310547,122.8319091796875,309.8853454589844,352.7445068359375,47.45946502685547,117.3948974609375,18.079999923706055,14353.6396484375
2023-07-19,116.43000030517578,135.36000061035156,121.11488342285156,313.8179016113281,348.4172668457031,47.04277038574219,115.37303161621094,18.049999237060547,14358.01953125
2023-07-20,110.25,129.9600067138672,118.30610656738281,300.4214782714844,340.3612976074219,45.486915588378906,112.64154815673828,17.1299991607666,14063.3095703125
2023-07-21,110.94999694824219,130.0,119.11994934082031,292.2187194824219,337.3194580078125,44.27678680419922,114.36207580566406,16.43000030517578,14032.8095703125
2023-07-24,110.61000061035156,128.8000030517578,120.61863708496094,289.5871276855469,338.63433837890625,44.579566955566406,114.77035522460938,16.31999969482422,14058.8701171875
2023-07-25,113.0,129.1300048828125,121.29354858398438,292.4273376464844,344.3941955566406,45.64579772949219,114.65370178222656,16.549999237060547,14144.5595703125
2023-07-26,110.08999633789062,128.14999389648438,128.30059814453125,296.4989013671875,331.4320373535156,45.4189567565918,112.27216339111328,16.43000030517578,14127.2802734375
2023-07-27,111.0999984741211,128.25,128.42962646484375,309.5477600097656,324.5143127441406,45.866634368896484,113.14701080322266,16.149999618530273,14050.1103515625
2023-07-28,112.95999908447266,132.2100067138672,131.5857696533203,323.22216796875,332.02081298828125,46.716007232666016,112.74848175048828,17.809999465942383,14316.66015625
2023-07-31,114.4000015258789,133.67999267578125,131.72474670410156,316.38995361328125,329.61676025390625,46.69502639770508,113.95382690429688,19.84000015258789,14346.01953125
2023-08-01,117.5999984741211,131.69000244140625,130.56350708007812,320.47137451171875,330.0289306640625,46.47318649291992,114.61482238769531,19.989999771118164,14283.91015625
2023-08-02,109.3499984741211,128.2100067138672,127.41727447509766,312.1296081542969,321.354736328125,44.23681640625,112.47630310058594,18.969999313354492,13973.4501953125
2023-08-03,113.1500015258789,128.91000366210938,127.48674011230469,311.0174865722656,320.530517578125,44.482635498046875,111.34872436523438,18.709999084472656,13959.7197265625
2023-08-04,115.81999969482422,139.57000732421875,127.14928436279297,308.5744934082031,321.6295471191406,44.647518157958984,111.24179077148438,18.200000762939453,13909.240234375
2023-08-07,116.80999755859375,142.22000122070312,130.5436553955078,314.36407470703125,323.91571044921875,45.38398361206055,112.85539245605469,17.989999771118164,13994.400390625
2023-08-08,113.2300033569336,139.94000244140625,130.4146270751953,310.4712829589844,319.9319763183594,44.63153076171875,112.00972747802734,17.040000915527344,13884.3203125
2023-08-09,110.47000122070312,137.85000610351562,128.6876678466797,303.0927734375,316.18365478515625,42.52306365966797,109.93923950195312,15.25,13722.01953125
2023-08-10,110.2300033569336,138.55999755859375,128.71743774414062,303.619140625,316.8705139160156,42.357181549072266,109.83232116699219,15.40999984741211,13737.990234375
2023-08-11,107.56999969482422,138.41000366210938,128.5884246826172,299.547607421875,314.9866027832031,40.825294494628906,109.90036010742188,15.40999984741211,13644.849609375
2023-08-14,111.9800033569336,140.57000732421875,130.34515380859375,304.0660095214844,317.959716796875,43.721195220947266,112.3402328491211,15.720000267028809,13788.330078125
2023-08-15,111.3499984741211,137.6699981689453,128.80677795410156,299.85540771484375,315.820556640625,43.90805435180664,114.01215362548828,15.369999885559082,13631.0498046875
2023-08-16,107.19000244140625,135.07000732421875,127.73486328125,292.2485656738281,315.0535888671875,43.45439147949219,112.11663055419922,15.449999809265137,13474.6298828125
2023-08-17,104.44000244140625,133.97999572753906,128.9457244873047,283.11236572265625,311.5923156738281,43.3124885559082,111.66948699951172,14.149999618530273,13316.9296875
2023-08-18,105.44999694824219,133.22000122070312,126.5041732788086,281.2851257324219,311.198974609375,43.26751708984375,113.20533752441406,14.399999618530273,13290.7802734375
2023-08-21,108.22000122070312,134.67999267578125,127.40734100341797,287.8890075683594,316.5089416503906,46.93285369873047,113.33170318603516,14.5,13497.58984375
2023-08-22,105.66000366210938,134.25,128.1120147705078,285.6049499511719,317.0791931152344,45.634796142578125,113.28311157226562,14.670000076293945,13505.8701171875
2023-08-23,109.43000030517578,135.52000427246094,131.37734985351562,292.19891357421875,321.5434875488281,47.081748962402344,114.54676818847656,15.300000190734863,13721.0302734375
2023-08-24,101.80000305175781,131.83999633789062,128.80677795410156,284.7608642578125,314.6307678222656,47.12870788574219,109.75455474853516,14.140000343322754,13463.9697265625
2023-08-25,102.25,133.25999450683594,128.90603637695312,283.51953125,317.59051513671875,45.98454284667969,112.81652069091797,14.529999732971191,13590.650390625
2023-08-28,102.61000061035156,133.13999938964844,130.0275421142578,288.2464904785156,318.29852294921875,46.80094909667969,113.57472229003906,14.640000343322754,13705.1298828125
2023-08-29,105.91999816894531,134.91000366210938,133.5608673095703,295.9228820800781,322.929931640625,48.74852752685547,117.27825164794922,15.399999618530273,13943.759765625
2023-08-30,106.58999633789062,135.07000732421875,134.8610382080078,293.0529479980469,323.30364990234375,49.22818374633789,117.73512268066406,16.329999923706055,14019.3095703125
2023-08-31,105.72000122070312,138.00999450683594,135.14886474609375,293.83746337890625,322.2908020019531,49.319122314453125,117.02550506591797,14.979999542236328,14034.9697265625
2023-09-01,109.44999694824219,138.1199951171875,134.64266967773438,294.3240661621094,323.1758117675781,48.47373580932617,117.55042266845703,15.180000305175781,14031.8095703125
2023-09-05,110.77999877929688,137.27000427246094,134.75186157226562,298.0679016113281,327.98419189453125,48.51270294189453,120.51518249511719,15.210000038146973,14020.9501953125
2023-09-06,109.27999877929688,135.36000061035156,133.45167541503906,297.0946960449219,327.32537841796875,47.03066635131836,120.85541534423828,15.300000190734863,13872.4697265625
2023-09-07,106.58999633789062,137.85000610351562,134.2456817626953,296.5981750488281,324.4049072265625,46.2111930847168,121.59416198730469,15.210000038146973,13748.830078125
2023-09-08,106.08999633789062,138.22999572753906,135.35726928710938,295.8235778808594,328.6921691894531,45.54262161254883,122.78978729248047,15.130000114440918,13761.5302734375
2023-09-11,105.31999969482422,143.10000610351562,135.8932342529297,305.4264831542969,332.3009338378906,45.14887619018555,123.16889953613281,15.789999961853027,13917.8896484375
2023-09-12,105.30999755859375,141.22999572753906,134.32508850097656,299.56744384765625,326.2338562011719,44.8410758972168,106.54678344726562,15.59000015258789,13773.6103515625
2023-09-13,107.70999908447266,144.85000610351562,135.68479919433594,302.94384765625,330.4523010253906,45.4556770324707,108.71443939208984,15.600000381469727,13813.58984375
2023-09-14,106.62999725341797,144.72000122070312,137.0643768310547,309.55767822265625,333.0482482910156,45.55162048339844,110.48359680175781,15.829999923706055,13926.0498046875
2023-09-15,101.48999786376953,140.38999938964844,136.36965942382812,298.2267761230469,324.70977783203125,43.871700286865234,110.72660827636719,15.329999923706055,13708.330078125
2023-09-18,102.37000274658203,139.97999572753906,137.17355346679688,300.45123291015625,323.56915283203125,43.93765640258789,109.0741195678711,15.460000038146973,13710.240234375
2023-09-19,101.61000061035156,137.6300048828125,137.0048370361328,302.9538269042969,323.1659240722656,43.491939544677734,109.61846923828125,15.149999618530273,13678.1904296875
2023-09-20,100.33999633789062,135.2899932861328,132.737060546875,297.59124755859375,315.4173889160156,42.211769104003906,109.7156753540039,14.739999771118164,13469.1298828125
2023-09-21,96.11000061035156,129.3300018310547,129.46182250976562,293.6785583496094,314.1981201171875,40.99055480957031,106.37181091308594,14.0,13223.98046875
2023-09-22,96.19999694824219,129.1199951171875,129.27325439453125,297.0052795410156,311.7201232910156,41.58317184448242,105.98297882080078,14.130000114440918,13211.8095703125
2023-09-25,97.37999725341797,131.27000427246094,130.1267852783203,298.7431945800781,312.2413330078125,42.19477844238281,105.27339172363281,14.220000267028809,13271.3203125
2023-09-26,95.95999908447266,125.9800033569336,127.60584259033203,296.8861083984375,306.931396484375,41.88397979736328,101.94895935058594,13.960000038146973,13063.6103515625
2023-09-27,98.06999969482422,125.9800033569336,129.56106567382812,295.67462158203125,307.5706481933594,42.44062805175781,101.69624328613281,14.850000381469727,13092.849609375
2023-09-28,102.76000213623047,125.9800033569336,131.31777954101562,301.8514709472656,308.40643310546875,43.061222076416016,103.1834716796875,15.770000457763672,13201.2802734375
2023-09-29,102.81999969482422,127.12000274658203,129.878662109375,298.12750244140625,310.481201171875,43.47095489501953,102.95990753173828,16.0,13219.3203125
2023-10-02,103.2699966430664,129.4600067138672,133.16384887695312,304.691650390625,316.43023681640625,44.75313186645508,103.72782135009766,15.880000114440918,13307.76953125
2023-10-03,100.08000183105469,124.72000122070312,131.4368896484375,298.8524169921875,308.1606750488281,43.48893737792969,101.59902954101562,14.899999618530273,13059.4697265625
2023-10-04,104.06999969482422,127.0,134.22584533691406,303.460205078125,313.6376647949219,44.012611389160156,104.08748626708984,15.729999542236328,13236.009765625
2023-10-05,102.91000366210938,125.95999908447266,134.05711364746094,302.67572021484375,314.0309143066406,44.6591911315918,105.32198333740234,15.8100004196167,13219.830078125
2023-10-06,107.23999786376953,127.95999908447266,136.5482635498047,313.24188232421875,321.7991638183594,45.73250198364258,106.88699340820312,16.610000610351562,13431.33984375
2023-10-09,106.97000122070312,128.25999450683594,137.38197326660156,316.1515197753906,324.3164367675781,45.243812561035156,107.23694610595703,17.610000610351562,13484.240234375
2023-10-10,109.01000213623047,129.47999572753906,137.024658203125,319.6074523925781,322.9103088378906,45.768470764160156,106.64398193359375,17.799999237060547,13562.83984375
2023-10-11,108.30999755859375,131.8300018310547,139.49600219726562,325.54595947265625,326.873046875,46.77582931518555,106.96592712402344,17.920000076293945,13659.6796875
2023-10-12,108.79000091552734,132.3300018310547,137.9278564453125,321.911376953125,325.63409423828125,46.914737701416016,106.44886016845703,17.940000534057617,13574.2197265625
2023-10-13,105.08999633789062,129.7899932861328,136.32992553710938,312.50701904296875,322.26129150390625,45.43169021606445,105.60983276367188,17.360000610351562,13407.23046875
2023-10-16,106.45999908447266,132.5500030517578,138.05686950683594,318.9222106933594,327.08941650390625,46.065284729003906,106.05860900878906,17.360000610351562,13567.98046875
2023-10-17,105.13999938964844,131.47000122070312,138.67222595214844,321.7524719238281,326.51904296875,43.909671783447266,106.38056945800781,17.84000015258789,13533.75
2023-10-18,102.16999816894531,128.1300048828125,136.9254608154297,314.7712097167969,324.6015319824219,42.168800354003906,105.60983276367188,17.200000762939453,13314.2998046875
2023-10-19,102.4000015258789,128.39999389648438,136.71701049804688,310.6400451660156,325.7913513183594,42.0738639831543,105.6976318359375,17.059999465942383,13186.1796875
2023-10-20,101.80999755859375,125.16999816894531,134.58314514160156,306.5089416503906,321.2189636230469,41.36031723022461,99.36592102050781,16.110000610351562,12983.8095703125
2023-10-23,100.01000213623047,126.55999755859375,135.47637939453125,311.83172607421875,323.8247985839844,42.947296142578125,101.13178253173828,16.200000762939453,13018.330078125
2023-10-24,101.66999816894531,128.55999755859375,137.76904296875,310.3818664550781,325.0145568847656,43.63484573364258,100.68299865722656,16.639999389648438,13139.8701171875
2023-10-25,96.05999755859375,121.38999938964844,124.66805267333984,297.4521789550781,334.9853820800781,41.7520637512207,98.95616149902344,15.59000015258789,12821.2197265625
2023-10-26,93.66999816894531,119.56999969482422,121.3630142211914,286.3497619628906,322.41864013671875,40.30000305175781,97.95130157470703,15.289999961853027,12595.6103515625
2023-10-27,96.43000030517578,127.73999786376953,121.25384521484375,294.6716003417969,324.3066101074219,40.4738883972168,98.52688598632812,15.069999694824219,12643.009765625
2023-10-30,96.18000030517578,132.7100067138672,123.52666473388672,300.56048583984375,331.6814270019531,41.13446807861328,99.1707992553711,14.6899995803833,12789.48046875
2023-10-31,98.5,133.08999633789062,123.14952087402344,299.18011474609375,332.468017578125,40.75370788574219,100.87812805175781,14.800000190734863,12851.240234375
2023-11-01,108.04000091552734,137.0,125.50174713134766,309.6867370605469,340.2952575683594,42.29772186279297,103.17080688476562,14.920000076293945,13061.4697265625
2023-11-02,107.83000183105469,138.07000732421875,126.53394317626953,308.7135314941406,342.5077209472656,43.47795104980469,104.26350402832031,17.969999313354492,13294.1904296875
2023-11-03,112.25,138.60000610351562,128.13186645507812,312.4176940917969,346.9129333496094,44.97598648071289,105.41470336914062,18.889999389648438,13478.2802734375
2023-11-06,111.75,139.74000549316406,129.27325439453125,313.6093444824219,350.5806884765625,45.72150421142578,106.44886016845703,18.540000915527344,13518.7802734375
2023-11-07,113.44999694824219,142.7100067138672,129.98785400390625,316.6083984375,354.51397705078125,45.925376892089844,106.331787109375,18.799999237060547,13639.8603515625
2023-11-08,113.58999633789062,142.0800018310547,130.85133361816406,317.5616760253906,357.1394348144531,46.54397964477539,109.59032440185547,18.489999771118164,13650.41015625
2023-11-09,113.48999786376953,140.60000610351562,129.26333618164062,318.3263854980469,354.67132568359375,46.91973114013672,109.44398498535156,18.270000457763672,13521.4501953125
2023-11-10,118.58999633789062,143.55999755859375,131.59568786621094,326.4893798828125,363.50146484375,48.3038330078125,110.3122787475586,19.670000076293945,13798.1103515625
2023-11-13,116.79000091552734,142.58999633789062,131.09945678710938,326.9064636230469,360.5614013671875,48.588653564453125,111.3659439086914,19.709999084472656,13767.740234375
2023-11-14,119.87999725341797,145.8000030517578,132.61795043945312,333.97705078125,364.0914306640625,49.623985290527344,113.26836395263672,19.940000534057617,14094.3798828125
2023-11-15,118.0,143.1999969482422,133.6104736328125,330.40203857421875,364.2392272949219,48.856483459472656,111.27813720703125,19.950000762939453,14103.83984375
2023-11-16,119.83000183105469,142.8300018310547,135.9031524658203,331.87176513671875,370.643798828125,49.44810104370117,111.87326049804688,19.770000457763672,14113.669921875
2023-11-17,120.62000274658203,145.17999267578125,134.29530334472656,332.71588134765625,364.4166259765625,49.2662239074707,112.54642486572266,20.489999771118164,14125.48046875
2023-11-20,121.52999877929688,146.1300048828125,135.228271484375,337.6116943359375,371.8951110839844,50.376502990722656,114.06837463378906,21.34000015258789,14284.5302734375
2023-11-21,119.16000366210938,143.89999389648438,135.94287109375,334.6424560546875,367.58935546875,49.911800384521484,113.2488784790039,19.799999237060547,14199.98046875
2023-11-22,122.51000213623047,146.7100067138672,137.4514617919922,339.1211242675781,372.299072265625,48.68458938598633,113.40495300292969,19.690000534057617,14265.8603515625
2023-11-24,122.30999755859375,146.74000549316406,135.6649627685547,335.88372802734375,371.88519287109375,47.74519729614258,113.41471862792969,19.200000762939453,14250.849609375
2023-11-27,122.6500015258789,147.72999572753906,135.38705444335938,332.37823486328125,373.0478820800781,48.210899353027344,113.62934875488281,19.079999923706055,14241.01953125
2023-11-28,122.01000213623047,147.02999877929688,136.17111206054688,336.6384582519531,377.0778503417969,47.79016876220703,113.40495300292969,19.709999084472656,14281.759765625
2023-11-29,123.8499984741211,146.32000732421875,133.9777069091797,329.89556884765625,373.2843933105469,48.10896682739258,113.37569427490234,19.84000015258789,14258.490234375
2023-11-30,121.16000366210938,146.08999633789062,131.53614807128906,324.8805847167969,373.343505859375,46.73984909057617,113.37569427490234,20.049999237060547,14226.2197265625
2023-12-01,121.38999938964844,147.02999877929688,130.87115478515625,322.5667419433594,369.0081787109375,46.7348518371582,114.30253601074219,20.270000457763672,14305.0302734375
2023-12-04,118.56999969482422,144.83999633789062,128.30059814453125,317.8000793457031,363.7170104980469,45.48065948486328,112.9561767578125,18.399999618530273,14185.490234375
2023-12-05,118.37999725341797,146.8800048828125,130.00770568847656,316.08209228515625,367.0473327636719,46.54007339477539,111.73666381835938,18.299999237060547,14229.91015625
2023-12-06,116.81999969482422,144.52000427246094,129.04498291015625,315.2479553222656,363.382080078125,45.4776611328125,109.29763793945312,17.1299991607666,14146.7099609375
2023-12-07,128.3699951171875,146.8800048828125,135.9031524658203,324.324462890625,365.50048828125,46.57005310058594,110.11715698242188,17.219999313354492,14339.990234375
2023-12-08,128.9199981689453,147.4199981689453,133.9777069091797,330.4417419433594,368.7322998046875,47.47954559326172,110.839111328125,17.770000457763672,14403.9697265625
2023-12-11,134.41000366210938,145.88999938964844,132.2904510498047,323.0235900878906,365.8453063964844,46.601036071777344,112.32202911376953,17.770000457763672,14432.490234375
2023-12-12,137.61000061035156,147.47999572753906,131.5262451171875,331.90155029296875,368.8800964355469,47.63046646118164,98.3512954711914,17.5,14533.400390625
2023-12-13,138.19000244140625,148.83999633789062,131.57586669921875,332.4179382324219,368.8701477050781,48.06122970581055,100.47813415527344,17.8700008392334,14733.9599609375
2023-12-14,138.0,147.4199981689453,130.9505615234375,330.85888671875,360.55413818359375,48.323081970214844,97.86347961425781,18.209999084472656,14761.5595703125
2023-12-15,139.14999389648438,149.97000122070312,131.60565185546875,332.59674072265625,365.28369140625,48.86277770996094,100.8000717163086,18.200000762939453,14813.919921875
2023-12-18,138.89999389648438,154.07000732421875,134.78163146972656,342.22943115234375,367.17547607421875,50.04911422729492,102.43909454345703,17.84000015258789,14904.8095703125
2023-12-19,140.14999389648438,153.7899932861328,135.62525939941406,347.92962646484375,367.7764587402344,49.57637405395508,103.65863037109375,17.950000762939453,15003.2197265625
2023-12-20,135.47000122070312,152.1199951171875,137.3025665283203,346.85711669921875,365.17529296875,48.084205627441406,101.60983276367188,17.25,14777.9404296875
2023-12-21,139.91000366210938,153.83999633789062,139.36697387695312,351.6336975097656,368.05242919921875,48.96271896362305,103.27812957763672,17.59000015258789,14963.8701171875
2023-12-22,139.60000610351562,153.4199981689453,140.42897033691406,350.9386291503906,369.0771484375,48.80281448364258,103.60982513427734,17.40999984741211,14992.9697265625
2023-12-26,143.41000366210938,153.41000366210938,140.45872497558594,352.3685607910156,369.15594482421875,49.251556396484375,103.6000747680664,17.68000030517578,15074.5703125
2023-12-27,146.07000732421875,153.33999633789062,139.31736755371094,355.3478088378906,368.57464599609375,49.38948440551758,103.3561782836914,17.469999313354492,15099.1796875
2023-12-28,148.75999450683594,153.3800048828125,139.17840576171875,355.83441162109375,369.76678466796875,49.49442672729492,103.65863037109375,17.559999465942383,15095.1396484375
2023-12-29,147.41000366210938,151.94000244140625,138.6424560546875,351.5046081542969,370.515625,49.49442672729492,102.85860443115234,17.170000076293945,15011.349609375
2024-01-02,138.5800018310547,149.92999267578125,137.1338653564453,343.8878479003906,365.4216003417969,48.14117431640625,101.52203369140625,16.579999923706055,14765.9404296875
2024-01-03,135.32000732421875,148.47000122070312,137.87823486328125,342.0804748535156,365.15557861328125,47.542510986328125,99.96104431152344,16.09000015258789,14592.2099609375
2024-01-04,136.00999450683594,144.57000732421875,135.36721801757812,344.7120666503906,362.53466796875,47.971275329589844,100.08787536621094,16.25,14510.2998046875
2024-01-05,138.5800018310547,145.24000549316406,134.71214294433594,349.50860595703125,362.347412109375,49.069664001464844,100.2244644165039,15.979999542236328,14524.0703125
2024-01-08,146.17999267578125,149.10000610351562,137.79884338378906,356.1719970703125,369.1855163574219,52.223907470703125,102.1073989868164,16.670000076293945,14843.76953125
2024-01-09,149.25999450683594,151.3699951171875,139.8929901123047,354.9505310058594,370.2693786621094,53.11041259765625,101.10250854492188,16.389999389648438,14857.7099609375
2024-01-10,148.5399932861328,153.72999572753906,141.21302795410156,367.90008544921875,377.1468200683594,54.31973648071289,101.77828216552734,16.790000915527344,14969.650390625
2024-01-11,148.02000427246094,155.17999267578125,141.0145263671875,367.10565185546875,378.9794616699219,54.791473388671875,102.61077117919922,16.68000030517578,14970.1904296875
2024-01-12,146.55999755859375,154.6199951171875,141.58026123046875,371.89215087890625,382.7630310058594,54.67953872680664,104.40306091308594,16.760000228881836,14972.759765625
2024-01-16,158.74000549316406,153.16000366210938,141.42149353027344,364.9109802246094,384.5365905761719,56.350608825683594,104.37368774414062,16.530000686645508,14944.349609375
2024-01-17,160.1699981689453,151.7100067138672,140.4091033935547,365.814697265625,383.7484130859375,56.02178955078125,104.23656463623047,16.389999389648438,14855.6201171875
2024-01-18,162.6699981689453,153.5,142.40402221679688,373.52081298828125,388.0837097167969,57.07520294189453,106.45978546142578,16.399999618530273,15055.650390625
2024-01-19,174.22999572753906,155.33999633789062,145.28228759765625,380.7900695800781,392.8132629394531,59.45787048339844,107.4097900390625,16.780000686645508,15310.9697265625
2024-01-22,168.17999267578125,154.77999877929688,144.8952178955078,379.13165283203125,390.6849670410156,59.620784759521484,107.8309326171875,17.600000381469727,15360.2900390625
2024-01-23,168.4199981689453,156.02000427246094,145.93734741210938,382.5279541015625,393.0398254394531,59.839664459228516,109.5252685546875,17.329999923706055,15425.9404296875
2024-01-24,178.2899932861328,156.8699951171875,147.58489990234375,387.9897766113281,396.6460876464844,61.32783126831055,111.95416259765625,16.75,15481.919921875
2024-01-25,180.3300018310547,157.75,150.73110961914062,390.45257568359375,398.922119140625,61.58269500732422,112.62993621826172,16.459999084472656,15510.5
2024-01-26,177.25,159.1199951171875,151.04872131347656,391.40594482421875,397.9959411621094,60.99701690673828,112.2773666381836,16.350000381469727,15455.3603515625
2024-01-29,177.8300018310547,161.25999450683594,152.35879516601562,398.2381591796875,403.70086669921875,62.43021774291992,111.40571594238281,17.09000015258789,15628.0400390625
2024-01-30,172.05999755859375,159.0,150.32420349121094,397.2848205566406,402.58746337890625,62.73904037475586,111.8072509765625,16.739999771118164,15509.900390625
2024-01-31,167.69000244140625,155.1999969482422,139.04937744140625,387.4336242675781,391.7392272949219,61.492740631103516,109.39793395996094,16.09000015258789,15164.009765625
2024-02-01,170.47999572753906,159.27999877929688,140.10142517089844,392.0414733886719,397.8481750488281,62.99190902709961,113.1490249633789,16.329999923706055,15361.6396484375
2024-02-02,177.66000366210938,171.80999755859375,141.31228637695312,471.6950378417969,405.1788330078125,66.12315368652344,113.40367126464844,17.020000457763672,15628.9501953125
2024-02-05,174.22999572753906,170.30999755859375,142.6025390625,456.2231140136719,399.6906433105469,69.29339599609375,113.99129486083984,16.719999313354492,15597.6796875
2024-02-06,167.8800048828125,169.14999389648438,143.01937866210938,451.56561279296875,399.53302001953125,68.18501281738281,112.92375183105469,21.8700008392334,15609.0
2024-02-07,170.94000244140625,170.52999877929688,144.4485626220703,466.3324890136719,407.96728515625,70.0599594116211,114.85315704345703,23.600000381469727,15756.6396484375
2024-02-08,169.35000610351562,169.83999633789062,144.81581115722656,466.7397155761719,408.0263671875,69.60221862792969,114.27532196044922,24.510000228881836,15793.7099609375
2024-02-09,172.47999572753906,174.4499969482422,147.88262939453125,464.8627624511719,414.3717956542969,72.09284210205078,114.23615264892578,24.3799991607666,15990.66015625
2024-02-12,171.91000366210938,172.33999633789062,146.42367553710938,465.6473083496094,409.1594543457031,72.20777130126953,113.45262908935547,25.049999237060547,15942.5498046875
2024-02-13,171.5399932861328,168.63999938964844,144.0515899658203,456.92822265625,400.3507995605469,72.08785247802734,111.3371353149414,24.010000228881836,15655.599609375
2024-02-14,178.6999969482422,170.97999572753906,144.84559631347656,469.9968566894531,404.2203674316406,73.85884857177734,111.90519714355469,25.190000534057617,15859.150390625
2024-02-15,176.75999450683594,169.8000030517578,141.69937133789062,480.6723327636719,401.3280944824219,72.61753845214844,110.4556884765625,25.40999984741211,15906.169921875
2024-02-16,173.8699951171875,169.50999450683594,139.46624755859375,470.03662109375,398.8602294921875,72.57256317138672,109.0159912109375,24.440000534057617,15775.650390625
2024-02-20,165.69000244140625,167.0800018310547,140.0617218017578,468.4775390625,397.6065979003906,69.413330078125,106.21493530273438,23.399999618530273,15630.7802734375
2024-02-21,164.2899932861328,168.58999633789062,141.4810028076172,465.2764892578125,397.00445556640625,67.43444061279297,105.930908203125,22.739999771118164,15580.8701171875
2024-02-22,181.86000061035156,174.5800018310547,143.00946044921875,483.27001953125,406.3525695800781,78.49427795410156,108.72217559814453,23.59000015258789,16041.6201171875
2024-02-23,176.52000427246094,174.99000549316406,142.8804473876953,481.1823425292969,405.0594482421875,78.77312469482422,109.64278411865234,22.969999313354492,15996.8203125
2024-02-26,176.00999450683594,174.72999572753906,136.53836059570312,478.90582275390625,402.29547119140625,79.04796600341797,108.68299102783203,23.559999465942383,15976.25
2024-02-27,178.0,173.5399932861328,137.83851623535156,484.1846008300781,402.23626708984375,78.65718078613281,109.08454895019531,24.530000686645508,16035.2998046875
2024-02-28,176.5399932861328,173.16000366210938,135.35726928710938,481.17242431640625,402.47314453125,77.61976623535156,109.37837219238281,24.420000076293945,15947.740234375
2024-02-29,192.52999877929688,176.75999450683594,137.4216766357422,487.2464904785156,408.3169860839844,79.06795501708984,109.37837219238281,25.079999923706055,16091.919921875
2024-03-01,202.63999938964844,178.22000122070312,136.111572265625,499.3448791503906,410.1530456542969,82.2331771850586,111.4350814819336,24.93000030517578,16274.9404296875
2024-03-04,205.36000061035156,177.5800018310547,132.35000610351562,495.2590637207031,409.5805358886719,85.18952941894531,111.70931243896484,24.040000915527344,16207.509765625
2024-03-05,205.1300048828125,174.1199951171875,131.6750946044922,487.3359069824219,397.4683837890625,85.920166015625,108.65362548828125,23.809999465942383,15939.58984375
2024-03-06,210.6300048828125,173.50999450683594,130.4146270751953,493.17138671875,396.91558837890625,88.65476989746094,109.9561996459961,26.15999984741211,16031.5400390625
2024-03-07,211.3800048828125,176.82000732421875,133.37229919433594,509.1766357421875,403.8749084472656,92.62173461914062,112.17943572998047,26.459999084472656,16273.3798828125
2024-03-08,207.38999938964844,175.35000610351562,134.39456176757812,502.973388671875,400.99249267578125,87.48336791992188,110.10311126708984,26.040000915527344,16085.1103515625
2024-03-11,198.38999938964844,171.9600067138672,136.63760375976562,480.74493408203125,399.3143310546875,85.73025512695312,111.77787780761719,25.350000381469727,16019.26953125
2024-03-12,202.75999450683594,175.38999938964844,137.4613800048828,496.80987548828125,409.93585205078125,91.86614227294922,124.91150665283203,24.700000762939453,16265.6396484375
2024-03-13,194.7899932861328,176.55999755859375,138.74169921875,492.6544494628906,409.7582092285156,90.84165954589844,122.93313598632812,25.0,16177.76953125
2024-03-14,187.05999755859375,178.75,142.02688598632812,488.9364013671875,419.74798583984375,87.89915466308594,122.94291687011719,24.43000030517578,16128.5302734375
2024-03-15,191.05999755859375,174.4199981689453,140.12127685546875,481.251953125,411.0612487792969,87.79219818115234,122.95272064208984,23.489999771118164,15973.169921875
2024-03-18,190.64999389648438,174.47999572753906,146.57252502441406,494.0561828613281,411.9496154785156,88.40990447998047,125.1661376953125,24.0,16103.4501953125
2024-03-19,181.4199981689453,175.89999389648438,145.92739868164062,493.32049560546875,415.98699951171875,89.35242462158203,126.52750396728516,23.799999237060547,16166.7900390625
2024-03-20,179.72999572753906,178.14999389648438,147.62460327148438,502.5458984375,419.7578125,90.32592010498047,126.57647705078125,24.56999969482422,16369.41015625
2024-03-21,178.67999267578125,178.14999389648438,146.49314880371094,504.7727355957031,423.8445129394531,91.38837432861328,126.35120391845703,24.489999771118164,16401.83984375
2024-03-22,179.64999389648438,178.8699951171875,149.63937377929688,506.58203125,423.22265625,94.24091339111328,125.1563491821289,24.18000030517578,16428.8203125
2024-03-25,178.6300048828125,179.7100067138672,148.94461059570312,500.0606384277344,417.4183349609375,94.95354461669922,123.48160552978516,24.510000228881836,16384.470703125
2024-03-26,177.8699951171875,178.3000030517578,149.5401153564453,492.9725646972656,416.223876953125,92.51380920410156,123.86355590820312,24.889999389648438,16315.7001953125
2024-03-27,179.58999633789062,179.8300018310547,149.73858642578125,490.9544982910156,416.0067138671875,90.20397186279297,122.68827819824219,24.510000228881836,16399.51953125
2024-03-28,180.49000549316406,180.3800048828125,149.7981719970703,482.7232360839844,415.305908203125,90.30992889404297,123.02127838134766,23.010000228881836,16379.4599609375
2024-04-01,183.33999633789062,180.97000122070312,154.32400512695312,488.45928955078125,419.1063232421875,90.3169174194336,122.89395141601562,22.860000610351562,16396.830078125
2024-04-02,178.6999969482422,180.69000244140625,153.4009246826172,494.44384765625,416.0166320800781,89.40638732910156,121.77745056152344,22.719999313354492,16240.4501953125
2024-04-03,180.77000427246094,182.41000366210938,153.75823974609375,503.75872802734375,415.0393371582031,88.91863250732422,123.63829803466797,22.700000762939453,16277.4599609375
2024-04-04,165.8300018310547,180.0,149.4011688232422,507.9141540527344,412.50238037109375,85.8611831665039,121.63054656982422,22.479999542236328,16049.080078125
2024-04-05,170.4199981689453,185.07000732421875,151.35638427734375,524.2374877929688,420.0440673828125,87.96312713623047,122.3259048461914,22.959999084472656,16248.51953125
2024-04-08,169.89999389648438,185.19000244140625,153.6887969970703,516.1951904296875,419.1260681152344,87.08856201171875,121.78724670410156,23.0,16253.9599609375
2024-04-09,170.77999877929688,185.6699981689453,155.4256591796875,513.8590087890625,420.7943115234375,85.31045532226562,121.07982635498047,22.809999465942383,16306.6396484375
2024-04-10,167.13999938964844,185.9499969482422,154.96910095214844,516.771728515625,417.8132019042969,86.99461364746094,119.62564086914062,22.420000076293945,16170.3603515625
2024-04-11,170.5,189.0500030517578,158.21458435058594,520.0820922851562,422.423095703125,90.56979370117188,121.08963012695312,22.84000015258789,16442.19921875
2024-04-12,163.27999877929688,186.1300048828125,156.54718017578125,508.8883972167969,416.470703125,88.14103698730469,118.99679565429688,22.670000076293945,16175.08984375
2024-04-15,160.32000732421875,183.6199951171875,153.69869995117188,497.28704833984375,408.3169860839844,85.95714569091797,117.78826904296875,21.899999618530273,15885.01953125
2024-04-16,163.4600067138672,183.32000732421875,153.24212646484375,496.81982421875,409.244873046875,87.37042999267578,118.51536560058594,21.8799991607666,15865.25
2024-04-17,154.02000427246094,181.27999877929688,154.30410766601562,491.2626953125,406.5401306152344,83.99214172363281,116.59937286376953,21.309999465942383,15683.3701171875
2024-04-18,155.0800018310547,179.22000122070312,154.840087890625,498.8477783203125,399.0675354003906,84.62782287597656,113.97596740722656,21.1299991607666,15601.5
2024-04-19,146.63999938964844,174.6300048828125,152.93446350097656,478.23974609375,393.98382568359375,76.16114807128906,112.87549591064453,20.469999313354492,15282.009765625
2024-04-22,148.63999938964844,177.22999572753906,155.1080322265625,478.89593505859375,395.8001403808594,79.47745513916016,112.53160858154297,20.969999313354492,15451.3095703125
2024-04-23,152.27000427246094,179.5399932861328,157.07318115234375,493.1813659667969,402.3251037597656,82.38097381591797,113.08184051513672,21.639999389648438,15696.6396484375
2024-04-24,151.74000549316406,176.58999633789062,157.9366912841797,490.5966491699219,403.7959289550781,79.63636779785156,113.32748413085938,21.59000015258789,15712.75
2024-04-25,153.75999450683594,173.6699981689453,154.8301544189453,438.7832946777344,393.90484619140625,82.5898666381836,112.88533020019531,21.709999084472656,15611.759765625
2024-04-26,157.39999389648438,179.6199951171875,170.66053771972656,440.6820373535156,401.0911865234375,87.69027709960938,115.16484832763672,22.520000457763672,15927.900390625
2024-04-29,160.1999969482422,180.9600067138672,164.90402221679688,430.0747985839844,397.07354736328125,87.71224212646484,114.45740509033203,22.829999923706055,15983.080078125
2024-04-30,158.3800048828125,175.0,161.55931091308594,427.6391906738281,384.3197937011719,86.35795593261719,111.7652359008789,21.969999313354492,15657.8203125
2024-05-01,144.27000427246094,179.0,162.63121032714844,436.606201171875,389.8575744628906,82.99864959716797,112.62986755371094,22.1200008392334,15605.48046875
2024-05-02,146.16000366210938,184.72000122070312,165.3705291748047,439.08148193359375,392.7203063964844,85.77323913574219,112.95410919189453,22.549999237060547,15840.9599609375
2024-05-03,150.60000610351562,186.2100067138672,165.98583984375,449.301025390625,401.42681884765625,88.74372100830078,113.77945709228516,23.329999923706055,16156.330078125
2024-05-06,155.77999877929688,188.6999969482422,166.8394317626953,462.94024658203125,408.2182312011719,92.093017578125,116.2751235961914,25.209999084472656,16349.25
2024-05-07,154.42999267578125,188.75999450683594,169.96575927734375,465.48529052734375,404.0722961425781,90.50782775878906,115.87228393554688,21.399999618530273,16332.5595703125
2024-05-08,153.6199951171875,188.0,168.1098175048828,469.819580078125,405.2568664550781,90.36589813232422,115.34171295166016,21.559999465942383,16302.759765625
2024-05-09,152.38999938964844,189.5,168.6854705810547,472.62298583984375,407.01397705078125,88.70175170898438,114.60480499267578,21.139999389648438,16346.259765625
2024-05-10,151.9199981689453,187.47999572753906,167.38526916503906,473.3984375,409.4028015136719,89.83216094970703,114.63427734375,20.600000381469727,16340.8701171875
2024-05-13,150.55999755859375,186.57000732421875,167.87161254882812,465.2566223144531,408.39593505859375,90.35291290283203,114.33950805664062,20.940000534057617,16388.240234375
2024-05-14,153.16000366210938,187.07000732421875,169.06260681152344,469.0740051269531,411.19940185546875,91.3094253540039,118.76099395751953,21.440000534057617,16511.1796875
2024-05-15,159.6699981689453,185.99000549316406,171.2163543701172,478.70703125,418.3887939453125,94.58174133300781,119.50772094726562,21.670000076293945,16742.390625
2024-05-16,162.6199951171875,183.6300048828125,172.87379455566406,470.4458923339844,416.3219299316406,94.31088256835938,120.02848815917969,21.649999618530273,16698.3203125
2024-05-17,164.47000122070312,184.6999969482422,174.7397003173828,469.1336669921875,415.5506286621094,92.43183135986328,121.34510040283203,21.760000228881836,16685.970703125
2024-05-20,166.3300018310547,183.5399932861328,175.59327697753906,466.08172607421875,420.62371826171875,94.73167419433594,122.34730529785156,21.6200008392334,16794.869140625
2024-05-21,164.66000366210938,183.14999389648438,176.51629638671875,461.8964538574219,424.28271484375,95.33736419677734,122.45538330078125,21.239999771118164,16832.619140625
2024-05-22,165.52000427246094,183.1300048828125,175.0573272705078,465.0279235839844,425.74627685546875,94.90158081054688,122.4259033203125,21.170000076293945,16801.5390625
2024-05-23,160.42999267578125,181.0500030517578,172.24855041503906,463.0397033691406,422.26531982421875,103.74607849121094,121.9248046875,20.719999313354492,16736.029296875
2024-05-24,166.36000061035156,180.75,173.677734375,475.4065246582031,425.39031982421875,106.41470336914062,120.7654037475586,21.010000228881836,16920.7890625
2024-05-28,171.61000061035156,182.14999389648438,175.07717895507812,477.0965270996094,425.54852294921875,113.84291076660156,122.31782531738281,21.049999237060547,17019.880859375
2024-05-29,165.13999938964844,182.02000427246094,174.58090209960938,471.5692443847656,424.41131591796875,114.76644134521484,121.5809097290039,20.940000534057617,16920.580078125
2024-05-30,166.75,179.32000732421875,170.8193359375,464.3022155761719,410.07208251953125,110.44364166259766,115.04693603515625,21.729999542236328,16737.080078125
2024-05-31,166.89999389648438,176.44000244140625,171.20640563964844,464.0835266113281,410.5269470214844,109.57709503173828,115.14521026611328,21.68000030517578,16735.01953125
2024-06-03,163.5500030517578,178.33999633789062,171.8713836669922,474.6808166503906,408.9347839355469,114.94134521484375,117.19873046875,21.31999969482422,16828.669921875
2024-06-04,159.99000549316406,179.33999633789062,172.48672485351562,474.18377685546875,411.45654296875,116.37762451171875,117.9749526977539,22.100000381469727,16857.05078125
2024-06-05,166.1699981689453,181.27999877929688,174.09457397460938,492.1474304199219,419.30853271484375,122.37757110595703,120.49028778076172,22.959999084472656,17187.900390625
2024-06-06,166.77999877929688,185.0,175.40467834472656,490.8551330566406,419.8127746582031,120.93629455566406,121.34510040283203,23.790000915527344,17173.119140625
2024-06-07,167.8699951171875,184.3000030517578,173.15171813964844,490.0598449707031,419.1502380371094,120.82635498046875,123.7228775024414,23.309999465942383,17133.130859375
2024-06-10,160.33999633789062,187.05999755859375,173.8969268798828,499.64312744140625,423.12567138671875,121.72789764404297,122.32765197753906,23.1299991607666,17192.529296875
2024-06-11,158.9600067138672,187.22999572753906,175.49667358398438,504.48443603515625,427.8822937011719,120.85828399658203,121.71845245361328,23.850000381469727,17343.55078125
2024-06-12,160.24000549316406,186.88999938964844,176.6592559814453,505.84637451171875,436.16943359375,125.14643859863281,137.93055725097656,23.770000457763672,17608.439453125
2024-06-13,159.89999389648438,183.8300018310547,174.04598999023438,501.1343078613281,436.6836853027344,129.55455017089844,137.40982055664062,23.270000457763672,17667.560546875
2024-06-14,159.6300048828125,183.66000366210938,175.66563415527344,501.6915283203125,437.6626892089844,131.82357788085938,135.7198028564453,23.56999969482422,17688.880859375
2024-06-17,158.39999389648438,184.05999755859375,176.11277770996094,504.1494445800781,443.3983459472656,130.92396545410156,138.84434509277344,25.020000457763672,17857.01953125
2024-06-18,154.6300048828125,182.80999755859375,173.97642517089844,497.0444030761719,441.3908996582031,135.52200317382812,142.1162109375,25.81999969482422,17862.23046875
2024-06-20,161.77999877929688,186.10000610351562,175.17872619628906,499.2435607910156,440.7580261230469,130.7240447998047,140.4164581298828,25.559999465942383,17721.58984375
2024-06-21,161.22999572753906,189.0800018310547,178.48756408691406,492.35748291015625,444.792724609375,126.51585388183594,139.03102111816406,23.84000015258789,17689.359375
2024-06-24,160.25,185.57000732421875,178.0801544189453,496.46722412109375,442.7061462402344,118.05946350097656,137.44911193847656,24.15999984741211,17496.8203125
2024-06-25,160.25,186.33999633789062,182.8595733642578,508.10003662109375,445.94976806640625,126.03604125976562,136.74166870117188,24.559999465942383,17717.650390625
2024-06-26,157.5399932861328,193.61000061035156,182.71054077148438,510.6076354980469,447.1463928222656,126.3459243774414,135.8180694580078,24.100000381469727,17805.16015625
2024-06-27,159.47000122070312,197.85000610351562,184.23081970214844,517.0161743164062,447.8287353515625,123.93695831298828,137.7340545654297,25.219999313354492,17858.6796875
2024-06-28,162.2100067138672,193.25,180.99151611328125,501.75128173828125,441.9941101074219,123.48714447021484,138.7362518310547,25.329999923706055,17732.599609375
2024-07-01,157.69000244140625,197.1999969482422,181.82618713378906,502.2089538574219,451.6656799316406,124.246826171875,140.59327697753906,25.8799991607666,17879.30078125
2024-07-02,164.30999755859375,200.0,184.06187438964844,507.0054016113281,454.1874084472656,122.61752319335938,140.77996826171875,25.829999923706055,18028.759765625
2024-07-03,163.89999389648438,197.58999633789062,184.63818359375,507.463134765625,455.660888671875,128.22511291503906,141.86077880859375,25.850000381469727,18188.30078125
2024-07-05,171.89999389648438,200.0,189.3878173828125,537.2665405273438,462.3755798339844,125.77616882324219,142.30291748046875,27.229999542236328,18352.759765625
2024-07-08,178.69000244140625,199.2899932861328,187.8277587890625,526.7283325195312,461.0702209472656,128.14512634277344,142.4994354248047,27.700000762939453,18403.740234375
2024-07-09,177.10000610351562,199.33999633789062,187.778076171875,527.4049682617188,454.44451904296875,131.3238067626953,138.22532653808594,27.389999389648438,18429.2890625
2024-07-10,183.9600067138672,199.7899932861328,189.96409606933594,532.0720825195312,461.0801086425781,134.852294921875,139.59107971191406,28.420000076293945,18647.44921875
2024-07-11,181.94000244140625,195.0500030517578,184.38978576660156,510.189697265625,449.658203125,127.34550476074219,140.66506958007812,27.639999389648438,18283.41015625
2024-07-12,181.61000061035156,194.49000549316406,183.8929443359375,496.42742919921875,448.5209045410156,129.18472290039062,142.64556884765625,28.06999969482422,18398.44921875
2024-07-15,179.8300018310547,192.72000122070312,185.3436737060547,493.7306823730469,448.9263916015625,128.38507080078125,140.97055053710938,28.670000076293945,18472.5703125
2024-07-16,177.5500030517578,193.02000427246094,182.75027465820312,487.3919372558594,444.5356140136719,126.30593872070312,140.51727294921875,28.670000076293945,18509.33984375
2024-07-17,159.42999267578125,187.92999267578125,179.86871337890625,459.7279968261719,438.6021423339844,117.93950653076172,137.21644592285156,28.219999313354492,17996.919921875
2024-07-18,155.77000427246094,183.75,176.55990600585938,473.5201721191406,435.4870910644531,121.03819274902344,136.00448608398438,28.639999389648438,17871.220703125
2024-07-19,151.5800018310547,183.1300048828125,176.5300750732422,474.4555969238281,432.2632141113281,117.87955474853516,136.52670288085938,28.579999923706055,17726.939453125
2024-07-22,155.8699951171875,182.5500030517578,180.51458740234375,485.0135803222656,438.02862548828125,123.48714447021484,138.11309814453125,28.459999084472656,18007.5703125
2024-07-23,154.0,186.41000366210938,180.63380432128906,486.29730224609375,439.91741943359375,122.53755187988281,141.00994873046875,28.809999465942383,17997.349609375
2024-07-24,144.6300048828125,180.8300018310547,171.53208923339844,459.01153564453125,424.1442565917969,114.20111846923828,136.733642578125,26.600000381469727,17342.41015625
2024-07-25,138.32000732421875,179.85000610351562,166.2161102294922,451.19000244140625,413.76068115234375,112.2319564819336,135.79759216308594,26.6299991607666,17181.720703125
2024-07-26,139.99000549316406,182.5,165.93789672851562,463.4198913574219,420.55450439453125,113.01162719726562,136.97010803222656,27.18000030517578,17357.880859375
2024-07-29,139.75,183.1999969482422,168.4517822265625,463.4297790527344,421.99835205078125,111.54225158691406,136.28036499023438,27.079999923706055,17370.19921875
2024-07-30,138.44000244140625,181.7100067138672,169.20693969726562,460.9221496582031,418.2305908203125,103.68562316894531,133.6791229248047,26.3700008392334,17147.419921875
2024-07-31,144.47999572753906,186.97999572753906,170.44898986816406,472.5051574707031,413.71124267578125,116.96992492675781,137.4036407470703,26.889999389648438,17599.400390625
2024-08-01,132.5399932861328,184.07000732421875,169.67396545410156,495.3030090332031,412.4849853515625,109.16327667236328,135.4921112060547,26.079999923706055,17194.150390625
2024-08-02,132.5,167.89999389648438,165.6000518798828,485.75,403.9606018066406,107.22411346435547,131.32420349121094,24.739999771118164,16776.16015625
2024-08-05,134.82000732421875,161.02000427246094,158.2371826171875,473.4007568359375,390.7684631347656,100.40702056884766,125.98373413085938,24.09000015258789,16200.080078125
2024-08-06,130.17999267578125,161.92999267578125,157.2832794189453,491.6708679199219,395.1790466308594,104.20539855957031,126.32859802246094,26.59000015258789,16366.849609375
2024-08-07,128.6699981689453,162.77000427246094,157.9291534423828,486.52618408203125,394.0121154785156,98.86768341064453,124.05249786376953,26.31999969482422,16195.8095703125
2024-08-08,136.32000732421875,165.8000030517578,160.99949645996094,507.134765625,398.2248840332031,104.92508697509766,127.06759643554688,29.280000686645508,16660.01953125
2024-08-09,134.27000427246094,166.94000244140625,162.62905883789062,515.23486328125,401.5179138183594,104.70519256591797,130.1221160888672,30.010000228881836,16745.30078125
2024-08-12,136.77000427246094,166.8000030517578,161.25784301757812,513.4237670898438,402.2992248535156,108.97335815429688,130.6344757080078,29.3799991607666,16780.609375
2024-08-13,141.1300048828125,170.22999572753906,163.11593627929688,525.9521484375,409.41937255859375,116.0903091430664,132.28981018066406,30.389999389648438,17187.609375
2024-08-14,140.75,170.10000610351562,159.35003662109375,524.180908203125,412.2377624511719,118.02948760986328,133.61016845703125,31.0,17192.599609375
2024-08-15,147.36000061035156,177.58999633789062,160.27413940429688,534.6991577148438,417.11199951171875,122.80743408203125,134.92063903808594,31.219999313354492,17594.5
2024-08-16,148.55999755859375,177.05999755859375,161.92356872558594,524.8375854492188,414.5758056640625,124.5267105102539,135.45269775390625,32.08000183105469,17631.720703125
2024-08-19,155.27999877929688,178.22000122070312,165.61000061035156,526.6886596679688,417.6073303222656,129.9443817138672,135.89610290527344,32.5,17876.76953125
2024-08-20,156.39999389648438,178.8800048828125,166.11672973632812,524.1510620117188,420.8468933105469,127.19556427001953,137.12774658203125,32.31999969482422,17816.939453125
2024-08-21,157.80999755859375,180.11000061035156,164.7952117919922,532.5397338867188,420.19305419921875,128.4450225830078,138.1426239013672,32.540000915527344,17918.990234375
2024-08-22,151.6999969482422,176.1300048828125,162.7582244873047,529.3255615234375,411.6830139160156,123.68705749511719,136.05374145507812,31.920000076293945,17619.349609375
2024-08-23,154.97999572753906,177.0399932861328,164.56666564941406,525.4148559570312,412.9114074707031,129.31463623046875,137.1474609375,31.780000686645508,17877.7890625
2024-08-26,149.99000549316406,175.5,165.10321044921875,518.5684814453125,409.6421203613281,126.40589904785156,136.8617401123047,30.850000381469727,17725.76953125
2024-08-27,150.5,173.1199951171875,163.63262939453125,516.558349609375,409.9888610839844,128.2451171875,136.4478759765625,30.84000015258789,17754.8203125
2024-08-28,146.36000061035156,170.8000030517578,161.81427001953125,514.249755859375,406.779052734375,125.55626678466797,135.856689453125,30.360000610351562,17556.029296875
2024-08-29,145.49000549316406,172.1199951171875,160.7510986328125,515.6826171875,409.27557373046875,117.53968811035156,137.37411499023438,31.0,17516.4296875
2024-08-30,148.55999755859375,178.5,162.34091186523438,518.757568359375,413.2581787109375,119.31893157958984,139.2166290283203,31.479999542236328,17713.619140625
2024-09-03,136.94000244140625,176.25,156.3592071533203,509.2543640136719,405.6298522949219,107.95378875732422,137.45291137695312,30.510000228881836,17136.30078125
2024-09-04,140.8699951171875,173.3300018310547,155.45497131347656,510.22955322265625,405.0948791503906,106.16455078125,138.6845703125,30.59000015258789,17084.30078125
2024-09-05,139.44000244140625,177.88999938964844,156.23995971679688,514.329345703125,404.5896301269531,107.16413116455078,140.51727294921875,30.15999984741211,17127.66015625
2024-09-06,134.35000610351562,171.38999938964844,149.9601287841797,497.8205871582031,397.96185302734375,102.78600311279297,139.72903442382812,30.329999923706055,16690.830078125
2024-09-09,138.14999389648438,175.39999389648438,147.96026611328125,502.3184509277344,401.9444580078125,106.42444610595703,137.83717346191406,34.599998474121094,16884.599609375
2024-09-10,142.83999633789062,179.5500030517578,147.9105224609375,502.3184509277344,410.3455810546875,108.05374145507812,153.60238647460938,34.7599983215332,17025.880859375
2024-09-11,149.86000061035156,184.52000427246094,150.39791870117188,509.32403564453125,419.1033020019531,116.8599853515625,154.87347412109375,34.849998474121094,17395.529296875
2024-09-12,150.77000427246094,187.0,153.91014099121094,523.0265502929688,423.0263977050781,119.0992202758789,159.01182556152344,34.90999984741211,17569.6796875
2024-09-13,152.30999755859375,186.49000549316406,156.66616821289062,522.0513916015625,426.5830078125,119.05921936035156,159.6522979736328,35.59000015258789,17683.98046875
2024-09-16,152.0800018310547,184.88999938964844,157.2631378173828,531.1752319335938,427.3260192871094,116.7400131225586,167.8305206298828,36.310001373291016,17592.130859375
2024-09-17,150.82000732421875,186.8800048828125,158.51681518554688,534.2032470703125,431.1006164550781,115.55043029785156,165.01248168945312,36.45000076293945,17628.060546875
2024-09-18,148.2899932861328,186.42999267578125,159.00433349609375,535.8268432617188,426.801025390625,113.33119201660156,162.11561584472656,36.380001068115234,17573.30078125
2024-09-19,156.74000549316406,189.8699951171875,161.32257080078125,556.893310546875,434.607666015625,117.82964324951172,165.13072204589844,36.83000183105469,18013.98046875
2024-09-20,155.9499969482422,191.60000610351562,162.76527404785156,559.1344604492188,431.219482421875,115.96028900146484,165.53469848632812,37.20000076293945,17948.3203125
2024-09-23,156.75,193.8800048828125,161.03404235839844,562.1822509765625,429.4758605957031,116.22020721435547,163.51478576660156,37.95000076293945,17974.26953125
2024-09-24,158.32000732421875,193.9600067138672,161.47181701660156,561.1066284179688,425.17626953125,120.82862091064453,163.36700439453125,36.900001525878906,18074.51953125
2024-09-25,162.02000427246094,192.52999877929688,160.6758575439453,566.06689453125,428.0888977050781,123.46772003173828,163.83993530273438,37.119998931884766,18082.2109375
2024-09-26,167.49000549316406,191.16000366210938,161.9095916748047,565.5987548828125,427.29632568359375,123.99754333496094,165.6332244873047,37.099998474121094,18190.2890625
2024-09-27,164.35000610351562,187.97000122070312,163.1234588623047,565.1206665039062,424.0368957519531,121.35844421386719,166.26385498046875,36.84000015258789,18119.58984375
2024-09-30,164.0800018310547,186.3300018310547,165.01388549804688,570.1806640625,426.29571533203125,121.39842987060547,167.8994598388672,37.20000076293945,18189.169921875
2024-10-01,159.75,185.1300048828125,166.14813232421875,574.1947021484375,416.775146484375,116.95994567871094,164.70701599121094,36.459999084472656,17910.359375
2024-10-02,159.77999877929688,184.75999450683594,165.02381896972656,570.5492553710938,413.248291015625,118.80931091308594,165.24896240234375,37.4900016784668,17925.119140625
2024-10-03,162.85000610351562,181.9600067138672,165.02381896972656,580.4699096679688,412.663818359375,122.80794525146484,164.41143798828125,39.2400016784668,17918.48046875
2024-10-04,170.89999389648438,186.50999450683594,166.2177734375,593.587890625,412.188232421875,124.87723541259766,168.3527374267578,40.0099983215332,18137.849609375
2024-10-07,170.97000122070312,180.8000030517578,162.15834045410156,582.4719848632812,405.7289123535156,127.67628479003906,167.4757843017578,38.88999938964844,17923.900390625
2024-10-08,172.8000030517578,182.72000122070312,163.55130004882812,590.5499267578125,410.8507995605469,132.84449768066406,171.81121826171875,41.45000076293945,18182.919921875
2024-10-09,171.02000427246094,185.1699981689453,161.04400634765625,588.1793823242188,413.5751953125,132.60458374023438,175.67369079589844,43.130001068115234,18291.619140625
2024-10-10,164.17999267578125,186.64999389648438,161.26287841796875,581.5256958007812,411.9703063964844,134.76385498046875,173.224609375,43.52000045776367,18282.05078125
2024-10-11,167.88999938964844,188.82000732421875,162.41702270507812,587.6215209960938,412.44580078125,134.7538604736328,173.5801239013672,43.5099983215332,18342.939453125
2024-10-14,165.27000427246094,187.5399932861328,164.1283721923828,588.0896606445312,415.2396240234375,138.0227508544922,173.9257354736328,43.400001525878906,18502.689453125
2024-10-15,156.63999938964844,187.69000244140625,164.62583923339844,583.9560546875,414.8432922363281,131.55496215820312,171.92105102539062,42.43000030517578,18315.58984375
2024-10-16,156.1300048828125,186.88999938964844,164.3273468017578,574.5134887695312,412.2476501464844,135.6735382080078,172.5925750732422,41.93000030517578,18367.080078125
2024-10-17,156.25,187.52999877929688,162.10858154296875,574.6528930664062,412.84210205078125,136.8831329345703,173.49122619628906,42.0,18373.609375
2024-10-18,155.97000122070312,188.99000549316406,162.59613037109375,574.1947021484375,414.2687072753906,137.9527587890625,172.51356506347656,42.970001220703125,18489.55078125
2024-10-21,157.89999389648438,189.07000732421875,163.2428741455078,572.8899536132812,414.88287353515625,143.6608123779297,171.5951385498047,42.70000076293945,18540.009765625
2024-10-22,154.08999633789062,189.6999969482422,164.3074493408203,579.712890625,423.5317077636719,143.54086303710938,173.12583923339844,42.939998626708984,18579.76953125
2024-10-23,152.91000366210938,184.7100067138672,161.95936584472656,561.4652099609375,420.6487731933594,139.51222229003906,170.94337463378906,42.59000015258789,18276.650390625
2024-10-24,153.44000244140625,186.3800048828125,161.89964294433594,565.5390625,420.777587890625,140.3619384765625,172.20742797851562,43.560001373291016,18415.490234375
2024-10-25,156.22999572753906,187.8300018310547,164.4368133544922,570.9874267578125,424.16571044921875,141.49154663085938,171.358154296875,44.86000061035156,18518.609375
2024-10-28,159.9199981689453,188.38999938964844,165.87950134277344,575.8781127929688,422.6202392578125,140.47189331054688,170.27183532714844,44.970001220703125,18567.189453125
2024-10-29,166.25,190.8300018310547,168.82456970214844,590.9384155273438,427.93035888671875,141.20164489746094,171.26925659179688,44.93000030517578,18712.75
2024-10-30,148.60000610351562,192.72999572753906,173.58047485351562,589.4642944335938,428.50494384765625,139.29229736328125,172.38516235351562,43.689998626708984,18607.9296875
2024-10-31,144.07000732421875,186.39999389648438,170.24734497070312,565.3399047851562,402.568603515625,132.71456909179688,165.7489013671875,41.560001373291016,18095.150390625
2024-11-01,141.86000061035156,197.92999267578125,170.4264373779297,564.9214477539062,406.5511779785156,135.35365295410156,167.90176391601562,41.91999816894531,18239.919921875
2024-11-04,140.7100067138672,195.77999877929688,168.3867950439453,558.467041015625,404.6589660644531,136.00343322753906,167.4770965576172,41.40999984741211,18179.98046875
2024-11-05,141.66000366210938,199.5,168.88426208496094,570.1707153320312,407.6310119628906,139.8621063232422,169.63983154296875,51.130001068115234,18439.169921875
2024-11-06,145.10000610351562,207.08999633789062,175.62013244628906,569.7921752929688,416.2698669433594,145.5601348876953,178.9819793701172,55.529998779296875,18983.470703125
2024-11-07,149.82000732421875,210.0500030517578,179.83876037597656,589.3646850585938,421.47100830078125,148.8290557861328,184.0480499267578,55.880001068115234,19269.4609375
2024-11-08,147.9499969482422,208.17999267578125,177.4508514404297,587.0139770507812,418.6079406738281,147.5794677734375,186.89215087890625,58.38999938964844,19286.779296875
2024-11-11,147.35000610351562,206.83999633789062,179.44078063964844,580.8683471679688,414.1200866699219,145.21026611328125,186.77366638183594,60.2400016784668,19298.759765625
2024-11-12,143.6300048828125,208.91000366210938,180.70437622070312,582.5117797851562,419.0933532714844,148.2392120361328,187.21804809570312,59.849998474121094,19281.400390625
2024-11-13,139.3000030517578,214.10000610351562,177.9781951904297,577.7108154296875,421.2431945800781,146.2199249267578,187.26742553710938,60.70000076293945,19230.720703125
2024-11-14,138.83999633789062,211.47999572753906,174.69480895996094,574.8820190429688,422.91748046875,146.7097625732422,184.71957397460938,59.18000030517578,19107.650390625
2024-11-15,134.89999389648438,202.61000061035156,171.6204071044922,551.8931274414062,411.1380920410156,141.93138122558594,181.45082092285156,65.7699966430664,18680.119140625
2024-11-18,138.92999267578125,201.6999969482422,174.41624450683594,552.2118530273438,411.8910217285156,140.1020050048828,183.416015625,61.2599983215332,18791.810546875
2024-11-19,139.38999938964844,204.61000061035156,177.22201538085938,558.87548828125,413.9021301269531,146.9596710205078,186.54652404785156,62.97999954223633,18987.470703125
2024-11-20,137.60000610351562,202.8800048828125,175.09278869628906,563.2879638671875,411.6235046386719,145.84005737304688,188.3734893798828,62.119998931884766,18966.140625
2024-11-21,137.49000549316406,198.3800048828125,166.784912109375,560.8676147460938,409.8466491699219,146.6197967529297,190.03253173828125,61.36000061035156,18972.419921875
2024-11-22,138.35000610351562,197.1199951171875,163.92935180664062,556.9331665039062,413.9464111328125,141.9014129638672,189.894287109375,64.3499984741211,19003.650390625
2024-11-25,141.1300048828125,201.4499969482422,166.80477905273438,562.879638671875,415.7232971191406,135.97344970703125,185.6478729248047,64.6500015258789,19054.83984375
2024-11-26,137.72000122070312,207.86000061035156,168.26739501953125,571.2763061523438,424.8559265136719,136.87313842773438,187.9982147216797,65.73999786376953,19174.30078125
2024-11-27,136.24000549316406,205.74000549316406,168.37681579589844,566.953369140625,419.89251708984375,135.2936553955078,180.42376708984375,66.05000305175781,19060.48046875
2024-11-29,137.17999267578125,207.88999938964844,168.09823608398438,572.0532836914062,420.3591003417969,138.2026824951172,182.537109375,67.08000183105469,19218.169921875
2024-12-02,142.05999755859375,210.7100067138672,170.6254425048828,590.4901733398438,427.82403564453125,138.58255004882812,179.14984130859375,66.38999938964844,19403.94921875
2024-12-03,141.97999572753906,213.44000244140625,170.47618103027344,611.22802734375,428.04241943359375,140.2119903564453,180.6114044189453,70.95999908447266,19480.91015625
2024-12-04,143.99000549316406,218.16000366210938,173.49090576171875,611.3574829101562,434.2168884277344,145.09033203125,185.84536743164062,69.8499984741211,19735.119140625
2024-12-05,141.36000061035156,220.5500030517578,171.76963806152344,606.5266723632812,439.3787841796875,145.0203399658203,183.919677734375,71.87000274658203,19700.259765625
2024-12-06,138.58999633789062,227.02999877929688,173.82920837402344,621.3080444335938,440.32183837890625,142.40106201171875,189.30178833007812,76.33999633789062,19859.76953125
2024-12-09,130.8699951171875,226.08999633789062,174.6858367919922,611.1483154296875,442.75384521484375,138.77203369140625,188.0772247314453,72.45999908447266,19736.689453125
2024-12-10,127.73999786376953,225.0399932861328,184.44761657714844,616.8756103515625,440.0835876464844,135.03306579589844,175.5255584716797,70.88999938964844,19687.240234375
2024-12-11,130.14999389648438,230.25999450683594,194.6376953125,630.182861328125,445.7021484375,139.2718963623047,176.3551025390625,72.51000213623047,20034.890625
2024-12-12,130.60000610351562,228.97000122070312,191.2111358642578,628.3003540039062,446.26800537109375,137.3024444580078,173.13572692871094,73.19999694824219,19902.83984375
2024-12-13,126.91000366210938,227.4600067138672,189.07948303222656,617.9015502929688,443.9947509765625,134.21328735351562,171.22976684570312,76.06999969482422,19926.720703125
2024-12-16,126.69000244140625,232.92999267578125,195.89280700683594,622.2777709960938,448.2831115722656,131.96388244628906,169.09666442871094,75.75,20173.890625
2024-12-17,125.0199966430664,231.14999389648438,194.65762329101562,617.4928588867188,451.1320495605469,130.35433959960938,167.5956268310547,74.38999938964844,20109.060546875
2024-12-18,121.41000366210938,220.52000427246094,187.66502380371094,595.3128051757812,434.1871032714844,128.874755859375,163.34921264648438,71.51000213623047,19392.689453125
2024-12-19,118.87999725341797,223.2899932861328,187.7745819091797,593.6978759765625,433.8297119140625,130.6442413330078,166.68707275390625,74.20999908447266,19372.76953125
2024-12-20,119.20999908447266,224.9199981689453,190.66326904296875,583.4103393554688,433.40289306640625,134.6631622314453,167.54624938964844,80.55000305175781,19572.599609375
2024-12-23,124.5999984741211,225.05999755859375,193.87071228027344,597.9644165039062,432.06280517578125,139.63180541992188,167.03271484375,80.69000244140625,19764.880859375
2024-12-24,126.29000091552734,229.0500030517578,195.34495544433594,605.8395385742188,436.11285400390625,140.18165588378906,169.27442932128906,82.37999725341797,20031.130859375
2024-12-26,125.05999755859375,227.0500030517578,194.83694458007812,601.453369140625,434.9018249511719,139.89173889160156,169.5410614013672,82.13999938964844,20020.359375
2024-12-27,125.19000244140625,223.75,192.0080108642578,597.924560546875,427.3773193359375,136.97251892089844,166.85494995117188,79.08000183105469,19722.029296875
2024-12-30,122.44000244140625,221.3000030517578,190.4939422607422,589.3814086914062,421.71905517578125,137.452392578125,164.83050537109375,77.18000030517578,19486.7890625
2024-12-31,120.79000091552734,219.38999938964844,188.56150817871094,583.6694946289062,418.4134521484375,134.25328063964844,164.56385803222656,75.62999725341797,19310.7890625
2025-01-02,120.62999725341797,220.22000122070312,188.6909942626953,597.3562622070312,415.51483154296875,138.2721710205078,163.96145629882812,75.19000244140625,19280.7890625
2025-01-03,125.37000274658203,224.19000244140625,191.0417938232422,602.7293701171875,420.24993896484375,144.4304962158203,164.2478485107422,79.88999938964844,19621.6796875
2025-01-06,129.5500030517578,227.61000061035156,196.1019744873047,628.218994140625,424.7169494628906,149.38912963867188,163.62570190429688,75.91999816894531,19864.98046875
2025-01-07,127.33000183105469,222.11000061035156,194.72735595703125,615.94775390625,419.2770690917969,140.10166931152344,160.01129150390625,69.98999786376953,19489.6796875
2025-01-08,121.83999633789062,222.1300048828125,193.193359375,608.8002319335938,421.4510192871094,140.07168579101562,161.10745239257812,68.2300033569336,19478.880859375
2025-01-10,116.04000091552734,218.94000244140625,191.2908172607422,613.924072265625,415.88214111328125,135.8728485107422,152.95013427734375,67.26000213623047,19161.630859375
2025-01-13,117.31999969482422,218.4600067138672,190.26483154296875,606.4177856445312,414.135009765625,133.19357299804688,152.37594604492188,64.9800033569336,19088.099609375
2025-01-14,116.08999633789062,217.75999450683594,188.9201202392578,592.3820190429688,412.62615966796875,131.7239532470703,154.74197387695312,65.91000366210938,19044.390625
2025-01-15,119.95999908447266,223.35000610351562,194.78712463378906,615.18017578125,423.188232421875,136.2027587890625,156.72190856933594,68.13999938964844,19511.23046875
2025-01-16,118.44000244140625,220.66000366210938,192.1574249267578,609.3783569335938,421.4708557128906,133.5334930419922,157.93955993652344,69.23999786376953,19338.2890625
2025-01-17,121.45999908447266,225.94000244140625,195.23538208007812,610.8438110351562,425.8883361816406,137.67234802246094,159.41461181640625,71.7699966430664,19630.19921875
2025-01-21,122.27999877929688,230.7100067138672,197.27737426757812,614.522216796875,425.3622131347656,140.79148864746094,170.8388671875,73.06999969482422,19756.779296875
2025-01-22,123.75,235.00999450683594,197.59613037109375,621.5401000976562,442.9326171875,147.02981567382812,182.3719940185547,76.87000274658203,20009.33984375
2025-01-23,123.04000091552734,235.4199981689453,197.2076416015625,634.4493408203125,443.4388122558594,147.17974853515625,184.59942626953125,78.9800033569336,20053.6796875
2025-01-24,122.83999633789062,234.85000610351562,199.428955078125,645.4546508789062,440.8082580566406,142.58099365234375,181.7582244873047,78.9800033569336,19954.30078125
2025-01-27,115.01000213623047,235.4199981689453,191.0617218017578,657.8057250976562,431.3778381347656,118.38761901855469,156.69219970703125,75.44000244140625,19341.830078125
2025-01-28,114.16999816894531,238.14999389648438,194.53810119628906,672.2103271484375,443.9252624511719,128.95472717285156,162.3548126220703,80.2300033569336,19733.58984375
2025-01-29,117.3499984741211,237.07000732421875,194.64767456054688,674.363525390625,439.0909118652344,123.66617584228516,160.39471435546875,79.76000213623047,19632.3203125
2025-01-30,118.86000061035156,234.63999938964844,200.08636474609375,684.8405151367188,411.95111083984375,124.61591339111328,168.67083740234375,81.22000122070312,19681.75
2025-01-31,115.94999694824219,237.67999267578125,203.2240753173828,687.0136108398438,412.0205993652344,120.03717041015625,168.35403442382812,82.48999786376953,19627.439453125
2025-02-03,114.2699966430664,237.4199981689453,200.44496154785156,695.2676391601562,407.9109191894531,116.62810516357422,166.90867614746094,83.73999786376953,19391.9609375
2025-02-04,119.5,242.05999755859375,205.5748748779297,701.9764404296875,409.3503112792969,118.6175537109375,166.205810546875,103.83000183105469,19654.01953125
2025-02-05,112.01000213623047,236.1699981689453,190.58358764648438,702.654296875,410.26361083984375,124.79586791992188,169.93798828125,101.36000061035156,19692.330078125
2025-02-06,110.16000366210938,238.8300018310547,190.8525390625,709.7518920898438,412.7750244140625,128.64480590820312,170.62106323242188,111.27999877929688,19791.990234375
2025-02-07,107.55999755859375,229.14999389648438,184.61695861816406,712.2740478515625,406.7494812011719,129.80447387695312,172.70989990234375,110.8499984741211,19523.400390625
2025-02-10,110.4800033569336,233.13999938964844,185.7425537109375,715.1449584960938,409.201416015625,133.5334930419922,177.12515258789062,116.6500015258789,19714.26953125
2025-02-11,111.0999984741211,232.75999450683594,184.5970458984375,717.5372924804688,408.4270935058594,132.76370239257812,175.4125213623047,112.62000274658203,19643.859375
2025-02-12,111.72000122070312,228.92999267578125,182.89370727539062,723.099853515625,406.0447082519531,131.10415649414062,170.4923553466797,117.38999938964844,19649.94921875
2025-02-13,111.80999755859375,230.3699951171875,185.413818359375,726.2698364257812,407.53369140625,135.25299072265625,172.11590576171875,117.91000366210938,19945.640625
2025-02-14,113.0999984741211,228.67999267578125,184.50738525390625,734.3543090820312,405.43914794921875,138.81202697753906,172.4129180908203,119.16000366210938,20026.76953125
2025-02-18,114.27999877929688,226.64999389648438,183.0531005859375,714.1181030273438,406.64031982421875,139.36187744140625,177.99632263183594,124.62000274658203,20041.259765625
2025-02-19,114.69000244140625,226.6300048828125,184.5472412109375,701.5578002929688,411.73272705078125,139.19192504882812,179.69908142089844,112.05999755859375,20056.25
2025-02-20,114.16999816894531,222.8800048828125,183.83999633789062,692.6558227539062,413.91107177734375,140.07168579101562,174.2344512939453,106.2699966430664,19962.359375
2025-02-21,110.83999633789062,216.5800018310547,178.95912170410156,681.4013061523438,406.03326416015625,134.3932342529297,166.12661743164062,101.3499984741211,19524.009765625
2025-02-24,108.11000061035156,212.7100067138672,178.5507049560547,666.02978515625,401.8457336425781,130.244384765625,168.2550506591797,90.68000030517578,19286.9296875
2025-02-25,103.95999908447266,212.8000030517578,174.7356414794922,655.4332275390625,395.77825927734375,126.59536743164062,166.84927368164062,87.83999633789062,19026.390625
2025-02-26,104.73999786376953,214.35000610351562,172.05613708496094,671.582275390625,397.5985412597656,131.24411010742188,170.73985290527344,89.30999755859375,19075.259765625
2025-02-27,99.51000213623047,208.74000549316406,167.84266662597656,656.1708374023438,390.4368896484375,120.11714172363281,163.10720825195312,84.7699966430664,18544.419921875
2025-02-28,99.86000061035156,212.27999877929688,169.61572265625,666.0995483398438,394.87310791015625,124.8858413696289,164.3941650390625,84.91999816894531,18847.279296875
2025-03-03,98.2300033569336,205.02000427246094,166.3584747314453,652.9909057617188,386.4184265136719,114.02880859375,160.39471435546875,83.41999816894531,18350.189453125
2025-03-04,100.75,203.8000030517578,170.2532196044922,637.9882202148438,386.53778076171875,115.95828247070312,155.8903350830078,84.4000015258789,18285.16015625
2025-03-05,101.66999816894531,208.36000061035156,172.34503173828125,654.4064331054688,398.8816223144531,117.2679214477539,159.9392852783203,90.12999725341797,18552.73046875
2025-03-06,98.8499984741211,200.6999969482422,171.67764282226562,625.9561767578125,394.773681640625,110.53976440429688,149.42584228515625,80.45999908447266,18069.259765625
2025-03-07,100.30999755859375,199.25,173.18174743652344,623.6932373046875,391.2127380371094,112.65918731689453,153.603515625,84.91000366210938,18196.220703125
2025-03-10,96.62999725341797,194.5399932861328,165.41319274902344,596.1102294921875,378.1328430175781,106.95075225830078,147.29739379882812,76.37999725341797,17468.3203125
2025-03-11,96.76000213623047,196.58999633789062,163.58822631835938,603.8060302734375,378.4213562011719,108.73026275634766,142.73365783691406,78.05000305175781,17436.099609375
2025-03-12,100.79000091552734,198.88999938964844,166.64979553222656,617.6124267578125,381.2262878417969,115.71900177001953,149.3763427734375,83.6500015258789,17648.44921875
2025-03-13,98.11000061035156,193.88999938964844,162.311767578125,588.7833862304688,376.750244140625,115.55902862548828,146.1787567138672,79.62000274658203,17303.009765625
2025-03-14,100.97000122070312,197.9499969482422,165.0342559814453,606.2288818359375,386.4880676269531,121.64791870117188,147.7725830078125,86.23999786376953,17754.08984375
2025-03-17,104.58999633789062,195.74000549316406,163.83753967285156,603.5350341796875,386.6273193359375,119.50830841064453,152.4650421142578,87.3499984741211,17808.66015625
2025-03-18,103.51000213623047,192.82000732421875,160.22750854492188,581.0458984375,381.4749450683594,115.40904998779297,147.95077514648438,83.88999938964844,17504.119140625
2025-03-19,106.2300033569336,195.5399932861328,163.4386444091797,582.7420654296875,385.75201416015625,117.49867248535156,150.92068481445312,86.0999984741211,17750.7890625
2025-03-20,107.13999938964844,194.9499969482422,162.35165405273438,584.6776123046875,384.7772521972656,118.50848388671875,151.18797302246094,87.38999938964844,17691.630859375
2025-03-21,106.44000244140625,196.2100067138672,163.5383758544922,594.9044799804688,389.1736755371094,117.67863464355469,150.70291137695312,90.95999908447266,17784.05078125
2025-03-24,113.8499984741211,203.25999450683594,167.2182159423828,617.4534912109375,390.98394775390625,121.38796997070312,153.31642150878906,96.75,18188.58984375
2025-03-25,114.80999755859375,205.7100067138672,170.09027099609375,624.896728515625,393.0528869628906,120.66809844970703,152.38583374023438,96.5,18271.859375
2025-03-26,110.19000244140625,201.1300048828125,164.6054229736328,609.6012573242188,387.89056396484375,113.7393569946289,146.31735229492188,92.27999877929688,17899.01953125
2025-03-27,106.6500015258789,201.36000061035156,161.793212890625,601.2203369140625,388.4972839355469,111.40978240966797,144.31761169433594,90.08999633789062,17804.029296875
2025-03-28,103.22000122070312,192.72000122070312,153.90499877929688,575.4385986328125,376.78009033203125,109.65010070800781,139.4568634033203,85.8499984741211,17322.990234375
2025-03-31,102.73999786376953,190.25999450683594,154.21412658691406,575.0594482421875,373.3883056640625,108.3603286743164,138.40750122070312,84.4000015258789,17299.2890625
2025-04-01,102.77999877929688,192.1699981689453,156.63743591308594,584.6776123046875,380.1520080566406,110.1300048828125,140.51612854003906,84.68000030517578,17449.890625
2025-04-02,102.95999908447266,196.00999450683594,156.60751342773438,582.6123046875,380.1023254394531,110.39995574951172,144.39678955078125,87.44999694824219,17601.05078125
2025-04-03,93.80000305175781,178.41000366210938,150.304931640625,530.4203491210938,371.12042236328125,101.78152465820312,135.85336303710938,83.5999984741211,16550.609375
2025-04-04,85.76000213623047,171.0,145.1990203857422,503.591064453125,357.92120361328125,94.29288482666016,126.9832534790039,74.01000213623047,15587.7900390625
2025-04-07,83.63999938964844,175.25999450683594,146.34585571289062,515.0850219726562,355.9517822265625,97.62227630615234,125.88439178466797,77.83999633789062,15603.259765625
2025-04-08,78.20999908447266,170.66000366210938,144.301513671875,509.29815673828125,352.66937255859375,96.28252410888672,123.2510757446289,77.31999969482422,15267.91015625
2025-04-09,96.83999633789062,191.10000610351562,158.27291870117188,584.4481811523438,388.40777587890625,114.30924987792969,138.2886962890625,92.01000213623047,17124.970703125
2025-04-10,88.69999694824219,181.22000122070312,152.39913940429688,545.0572509765625,379.3165283203125,107.55047607421875,132.4865264892578,88.58999633789062,16387.310546875
2025-04-11,93.4000015258789,184.8699951171875,156.70724487304688,542.3433837890625,386.378662109375,110.90986633300781,131.4929962158203,88.55000305175781,16724.4609375
2025-04-14,94.5,182.1199951171875,158.63194274902344,530.2807006835938,385.7420654296875,110.68990325927734,133.76815795898438,92.62000274658203,16831.48046875
2025-04-15,95.29000091552734,179.58999633789062,155.87953186035156,520.3432006835938,383.6731872558594,112.17963409423828,133.0727081298828,98.4000015258789,16823.169921875
2025-04-16,88.29000091552734,174.3300018310547,152.90773010253906,501.176513671875,369.6284484863281,104.47103881835938,128.91973876953125,92.70999908447266,16307.16015625
2025-04-17,87.5,172.61000061035156,150.74371337890625,500.348388671875,365.8188781738281,101.47157287597656,127.78714752197266,93.77999877929688,16286.4501953125
2025-04-21,85.55999755859375,167.32000732421875,147.2633056640625,483.56634521484375,357.2050476074219,96.89241790771484,122.02469635009766,90.80000305175781,15870.900390625
2025-04-22,86.26000213623047,173.17999267578125,151.0528564453125,499.151123046875,364.864013671875,98.8720474243164,126.41607666015625,93.98999786376953,16300.419921875
2025-04-23,90.38999938964844,180.60000610351562,154.92218017578125,519.0960693359375,372.3936462402344,102.69136047363281,130.5491485595703,100.81999969482422,16708.05078125
2025-04-24,94.47000122070312,186.5399932861328,158.8413543701172,531.947021484375,385.2347717285156,106.41068267822266,136.6195526123047,107.77999877929688,17166.0390625
2025-04-25,96.6500015258789,188.99000549316406,161.51397705078125,546.0350952148438,389.7605285644531,110.98986053466797,137.59323120117188,112.77999877929688,17382.939453125
2025-04-28,96.38999938964844,187.6999969482422,160.16769409179688,548.49951171875,389.07421875,108.71027374267578,139.2325439453125,114.6500015258789,17366.130859375
2025-04-29,96.05999755859375,187.38999938964844,159.71893310546875,553.1889038085938,391.9388732910156,109.00021362304688,139.8783416748047,116.08000183105469,17461.3203125
2025-04-30,97.3499984741211,184.4199981689453,158.3626708984375,547.7611694335938,393.15234375,108.90023040771484,139.8087921142578,118.44000244140625,17446.33984375
2025-05-01,96.6500015258789,190.1999969482422,160.85577392578125,570.9188232421875,423.1316223144531,111.5897445678711,144.54791259765625,116.19999694824219,17710.740234375
2025-05-02,98.80000305175781,189.97999572753906,163.57826232910156,595.6728515625,432.9589538574219,114.4792251586914,149.75396728515625,124.27999877929688,17977.73046875
2025-05-05,100.58999633789062,186.35000610351562,163.75778198242188,597.917724609375,433.8442077636719,113.79934692382812,148.32330322265625,123.7699966430664,17844.240234375
2025-05-06,98.62000274658203,185.00999450683594,162.7804718017578,585.9846801757812,430.99945068359375,113.51940155029297,146.7435760498047,108.86000061035156,17689.66015625
2025-05-07,100.36000061035156,188.7100067138672,150.96310424804688,595.4632568359375,431.03924560546875,117.03875732421875,148.40277099609375,110.4800033569336,17738.16015625
2025-05-08,101.69999694824219,192.0800018310547,153.85513305664062,596.6605834960938,435.83355712890625,117.34870910644531,149.32675170898438,119.1500015258789,17928.140625
2025-05-09,102.83999633789062,193.05999755859375,152.32933044433594,591.1530151367188,436.3905334472656,116.62882995605469,149.3665008544922,117.30000305175781,17928.919921875
2025-05-12,108.12000274658203,208.63999938964844,158.0236053466797,637.9871215820312,446.8644104003906,122.9776840209961,156.2019500732422,118.45999908447266,18708.33984375
2025-05-13,112.45999908447266,211.3699951171875,159.0906524658203,654.5496826171875,446.74505615234375,129.9064178466797,161.21925354003906,128.10000610351562,19010.08984375
2025-05-14,117.72000122070312,210.25,164.91458129882812,657.8721313476562,450.5247802734375,135.3154296875,161.89483642578125,130.17999267578125,19146.810546875
2025-05-15,114.98999786376953,205.1699981689453,163.50845336914062,642.4270629882812,451.54119873046875,134.80552673339844,158.36782836914062,128.1199951171875,19112.3203125
2025-05-16,117.16999816894531,205.58999633789062,165.73233032226562,638.89501953125,452.6772155761719,135.37542724609375,159.45077514648438,129.52000427246094,19211.099609375
2025-05-19,114.73999786376953,206.16000366210938,166.0813446044922,638.9848022460938,457.26104736328125,135.54539489746094,158.60626220703125,126.33000183105469,19215.4609375
2025-05-20,113.51000213623047,204.07000732421875,163.52841186523438,635.662353515625,456.56353759765625,134.35560607910156,159.2719268798828,125.58999633789062,19142.7109375
2025-05-21,112.05999755859375,201.1199951171875,168.09579467773438,634.06591796875,450.983154296875,131.7760772705078,156.16220092773438,120.58000183105469,18872.640625
2025-05-22,110.70999908447266,203.10000610351562,170.39942932128906,635.1336059570312,453.26513671875,132.80589294433594,156.29135131835938,122.29000091552734,18925.740234375
2025-05-23,110.30999755859375,200.99000549316406,168.0060272216797,625.64501953125,448.6015625,131.26617431640625,154.9600372314453,123.30999755859375,18737.2109375
2025-05-27,114.55999755859375,206.02000427246094,172.423828125,640.8705444335938,459.0746765136719,135.47540283203125,160.86158752441406,123.38999938964844,19199.16015625
2025-05-28,112.86000061035156,204.72000122070312,171.8853302001953,642.1277465820312,455.7563781738281,134.78553771972656,162.7890167236328,123.76000213623047,19100.939453125
2025-05-29,113.02999877929688,205.6999969482422,171.38668823242188,643.5944213867188,457.0717468261719,139.1647491455078,161.84515380859375,122.31999969482422,19175.869140625
2025-05-30,110.7300033569336,205.00999450683594,171.2670440673828,646.0288696289062,458.7458190917969,135.10548400878906,164.45814514160156,131.77999877929688,19113.76953125
2025-06-02,114.62999725341797,206.64999389648438,168.56451416015625,669.3861083984375,460.3502197265625,137.35507202148438,165.4914093017578,132.0399932861328,19242.609375
2025-06-03,117.30999755859375,205.7100067138672,165.7223358154297,665.34521484375,461.3467102050781,141.19436645507812,168.0447540283203,133.1699981689453,19398.9609375
2025-06-04,118.58000183105469,207.22999572753906,167.58718872070312,686.3976440429688,462.2435302734375,141.8942413330078,167.01150512695312,130.00999450683594,19460.490234375
2025-06-05,115.69000244140625,207.91000366210938,167.7467803955078,683.0750732421875,466.0401611328125,139.964599609375,170.03179931640625,119.91000366210938,19298.44921875
2025-06-06,116.19000244140625,213.57000732421875,173.20169067382812,696.1355590820312,468.730712890625,141.69427490234375,172.89315795898438,127.72000122070312,19529.94921875
2025-06-09,121.7300033569336,216.97999572753906,175.817626953125,692.4937744140625,471.0924072265625,142.6041259765625,176.00289916992188,132.05999755859375,19591.240234375
2025-06-10,123.23999786376953,217.61000061035156,178.3237762451172,700.8150024414062,469.2688293457031,143.9338836669922,176.33074951171875,132.80999755859375,19714.990234375
2025-06-11,121.13999938964844,213.1999969482422,177.07569885253906,692.5736083984375,470.9628601074219,142.81399536132812,175.23788452148438,136.38999938964844,19615.880859375
2025-06-12,118.5,213.24000549316406,175.42823791503906,691.79541015625,477.1909484863281,144.98374938964844,198.5658416748047,135.19000244140625,19662.490234375
2025-06-13,116.16000366210938,212.10000610351562,174.39984130859375,681.3291015625,473.2946472167969,141.95408630371094,213.82638549804688,137.39999389648438,19406.830078125
2025-06-16,126.38999938964844,216.10000610351562,176.49659729003906,701.0746459960938,477.46002197265625,144.6737823486328,209.73304748535156,141.41000366210938,19701.2109375
2025-06-17,127.0999984741211,214.82000732421875,175.6778564453125,696.19189453125,476.3638610839844,144.1038360595703,206.8319549560547,138.1999969482422,19521.08984375
2025-06-18,126.79000091552734,212.52000427246094,173.05194091796875,694.7340698242188,478.5561218261719,145.46368408203125,209.50453186035156,139.9600067138672,19546.26953125
2025-06-20,128.24000549316406,209.69000244140625,166.38226318359375,681.3341064453125,475.7261047363281,143.83387756347656,203.84144592285156,137.3000030517578,19447.41015625
2025-06-23,129.5800018310547,208.47000122070312,164.9344940185547,697.4900512695312,484.2959289550781,144.15383911132812,205.6993408203125,139.9199981689453,19630.970703125
2025-06-24,138.42999267578125,212.77000427246094,166.51206970214844,711.1396484375,488.3915100097656,147.88340759277344,213.87606811523438,143.22999572753906,19912.529296875
2025-06-25,143.39999389648438,211.99000549316406,170.41600036621094,707.6248779296875,490.5439453125,154.29270935058594,209.3555145263672,142.89999389648438,19973.55078125
2025-06-26,143.67999267578125,217.1199951171875,173.27159118652344,725.009033203125,495.705810546875,155.00262451171875,211.44192504882812,144.25,20167.91015625
2025-06-27,143.80999755859375,223.3000030517578,178.25387573242188,732.5377197265625,494.20111083984375,157.73231506347656,208.87863159179688,130.74000549316406,20273.4609375
2025-06-30,141.89999389648438,219.38999938964844,175.95741271972656,736.9910888671875,495.66595458984375,157.97230529785156,217.21429443359375,136.32000732421875,20369.73046875
2025-07-01,136.11000061035156,220.4600067138672,175.56802368164062,718.149169921875,490.3247375488281,153.2828369140625,217.5421600341797,130.67999267578125,20202.890625
2025-07-02,138.52000427246094,219.9199981689453,178.3636932373047,712.5076293945312,489.36810302734375,157.2323760986328,228.4907989501953,132.1199951171875,20393.130859375
2025-07-03,137.91000366210938,223.41000366210938,179.2523193359375,717.9395141601562,497.0909423828125,159.3221435546875,235.7832794189453,134.36000061035156,20601.099609375
2025-07-07,134.8000030517578,223.47000122070312,176.5165557861328,717.2804565429688,495.974853515625,158.22227478027344,230.7560272216797,139.1199951171875,20412.51953125
2025-07-08,137.82000732421875,219.36000061035156,174.09031677246094,719.5970458984375,494.8786926269531,159.98207092285156,232.98153686523438,139.7100067138672,20418.4609375
2025-07-09,138.41000366210938,222.5399932861328,176.34681701660156,731.6890258789062,501.74456787109375,162.86175537109375,234.28305053710938,143.1300048828125,20611.33984375
2025-07-10,144.16000366210938,222.25999450683594,177.34527587890625,726.1572265625,499.7216796875,164.0816192626953,233.9744110107422,142.5,20630.66015625
2025-07-11,146.4199981689453,225.02000427246094,179.91131591796875,716.4417114257812,501.55523681640625,164.90151977539062,229.5537872314453,142.10000610351562,20585.529296875
2025-07-14,146.24000549316406,225.69000244140625,181.2791748046875,719.8466796875,501.2562561035156,164.05162048339844,228.2793731689453,149.14999389648438,20640.330078125
2025-07-15,155.61000061035156,226.35000610351562,181.718505859375,709.3323364257812,504.04644775390625,170.6808624267578,233.93460083007812,148.5800018310547,20677.80078125
2025-07-16,160.0800018310547,223.19000244140625,182.68701171875,701.8634643554688,503.8471374511719,171.35079956054688,240.24691772460938,150.91000366210938,20730.490234375
2025-07-17,160.41000366210938,223.8800048828125,183.29605102539062,700.3656616210938,509.9058532714844,172.98062133789062,247.66439819335938,153.99000549316406,20885.650390625
2025-07-18,156.99000549316406,226.1300048828125,184.77377319335938,703.2314453125,508.2616271972656,172.39068603515625,244.37879943847656,153.52000427246094,20895.650390625
2025-07-21,157.0,229.3000030517578,189.8059844970703,711.9085083007812,508.2715759277344,171.36080932617188,242.47714233398438,151.7899932861328,20974.1796875
2025-07-22,154.72000122070312,227.47000122070312,191.04405212402344,703.7606811523438,503.4983825683594,167.01129150390625,237.07083129882812,149.07000732421875,20892.689453125
2025-07-23,158.64999389648438,228.2899932861328,189.93577575683594,712.5176391601562,504.0962829589844,170.7608642578125,240.84429931640625,154.6300048828125,21020.01953125
2025-07-24,162.1199951171875,232.22999572753906,191.8727569580078,713.7357177734375,509.0887145996094,173.7205352783203,241.77023315429688,154.86000061035156,21057.9609375
2025-07-25,166.47000122070312,231.44000244140625,192.88119506835938,711.6189575195312,511.9088439941406,173.48056030273438,244.05023193359375,158.8000030517578,21108.3203125
2025-07-28,173.66000366210938,232.7899932861328,192.28213500976562,716.5615844726562,510.7030334472656,176.73019409179688,246.62893676757812,157.8800048828125,21178.580078125
2025-07-29,177.44000244140625,231.00999450683594,195.44723510742188,698.9578247070312,510.7727966308594,175.49032592773438,248.88902282714844,156.24000549316406,21098.2890625
2025-07-30,179.50999450683594,230.19000244140625,196.2260284423828,694.1749877929688,511.4404296875,179.2499237060547,249.50633239746094,158.61000061035156,21129.669921875
2025-07-31,176.30999755859375,234.11000061035156,191.60317993164062,772.2884521484375,531.62939453125,177.85006713867188,252.66249084472656,158.35000610351562,21122.44921875
2025-08-01,171.6999969482422,214.75,188.8374786376953,748.8933715820312,522.2723388671875,173.70053100585938,243.35330200195312,154.27000427246094,20650.130859375
2025-08-04,176.77999877929688,211.64999389648438,194.7383270263672,775.2140502929688,533.7619018554688,179.97982788085938,251.4279022216797,160.66000366210938,21053.580078125
2025-08-05,174.30999755859375,213.75,194.368896484375,762.3233642578125,525.8995361328125,178.24002075195312,254.55419921875,173.27000427246094,20916.55078125
2025-08-06,163.1199951171875,222.30999755859375,195.78671264648438,770.8406372070312,523.0994262695312,179.39988708496094,255.3108673095703,179.5399932861328,21169.419921875
2025-08-07,172.39999389648438,223.1300048828125,196.21604919433594,760.6957397460938,519.0138549804688,180.74974060058594,248.30160522460938,182.1999969482422,21242.69921875
2025-08-08,172.75999450683594,222.69000244140625,201.10845947265625,768.1546630859375,520.2095947265625,182.6795196533203,248.958740234375,186.9600067138672,21450.01953125
2025-08-11,172.27999877929688,221.3000030517578,200.68911743164062,764.7296752929688,519.9405517578125,182.0395965576172,251.57723999023438,182.67999267578125,21385.400390625
2025-08-12,174.9499969482422,221.47000122070312,203.02549743652344,788.8237915039062,527.3843383789062,183.1394805908203,252.75210571289062,186.97000122070312,21681.900390625
2025-08-13,184.4199981689453,224.55999755859375,201.6476287841797,778.9186401367188,518.7547607421875,181.56964111328125,243.1143341064453,184.3699951171875,21713.140625
2025-08-14,180.9499969482422,230.97999572753906,202.62611389160156,780.9655151367188,520.6480102539062,181.99960327148438,243.8909454345703,181.02000427246094,21710.669921875
2025-08-15,177.50999450683594,231.02999877929688,203.58462524414062,784.0609130859375,518.3461303710938,180.42977905273438,247.19644165039062,177.1699981689453,21622.98046875
2025-08-18,176.13999938964844,231.49000549316406,203.18524169921875,766.2274780273438,515.286865234375,181.98959350585938,247.98301696777344,174.02999877929688,21629.76953125
2025-08-19,166.5500030517578,228.00999450683594,201.25823974609375,750.3611450195312,507.98260498046875,175.6203155517578,233.59605407714844,157.75,21314.94921875
2025-08-20,165.1999969482422,223.80999755859375,199.01171875,746.6067504882812,503.9468078613281,175.38034057617188,234.0341339111328,156.00999450683594,21172.859375
2025-08-21,163.7100067138672,221.9499969482422,199.44105529785156,737.9995727539062,503.2980041503906,174.96038818359375,232.14244079589844,156.17999267578125,21100.310546875
2025-08-22,167.75999450683594,228.83999633789062,205.771240234375,753.6661987304688,506.2824401855469,177.97006225585938,235.3384246826172,158.74000549316406,21496.5390625
2025-08-25,163.36000061035156,227.94000244140625,208.1675262451172,752.1784057617188,503.3179931640625,179.78985595703125,234.38262939453125,157.1699981689453,21449.2890625
2025-08-26,166.6199951171875,228.7100067138672,206.81961059570312,752.9772338867188,501.1021423339844,181.7496337890625,233.1878662109375,160.8699951171875,21544.26953125
2025-08-27,167.1300048828125,229.1199951171875,207.15908813476562,746.2672729492188,505.7933349609375,181.57965087890625,234.78086853027344,156.72000122070312,21590.140625
2025-08-28,168.5800018310547,231.60000610351562,211.31265258789062,749.99169921875,508.68792724609375,180.14981079101562,239.2711944580078,158.1199951171875,21705.16015625
2025-08-29,162.6300048828125,229.0,212.58070373535156,737.6001586914062,505.7434387207031,174.1604766845703,225.14312744140625,156.7100067138672,21455.55078125
2025-09-02,162.32000732421875,225.33999633789062,211.0231170654297,734.0155029296875,504.1763610839844,170.7608642578125,224.31674194335938,157.08999633789062,21279.630859375
2025-09-03,162.1300048828125,225.99000549316406,230.30325317382812,735.95263671875,504.40594482421875,170.60089111328125,222.4748077392578,154.89999389648438,21497.73046875
2025-09-04,161.7899932861328,235.67999267578125,231.94070434570312,747.535400390625,507.02105712890625,171.64077758789062,222.02679443359375,156.13999938964844,21707.689453125
2025-09-05,151.13999938964844,232.3300018310547,234.63653564453125,751.3297729492188,494.0752868652344,167.0012969970703,231.7840118408203,153.11000061035156,21700.390625
2025-09-08,151.41000366210938,235.83999633789062,233.8870086669922,751.179931640625,497.2693176269531,168.2911376953125,237.43922424316406,156.10000610351562,21798.69921875
2025-09-09,155.82000732421875,238.24000549316406,239.47335815429688,764.5599975585938,497.4789123535156,170.74085998535156,240.45599365234375,162.36000061035156,21879.490234375
2025-09-10,159.5399932861328,230.3300018310547,239.01365661621094,750.8604125976562,499.43524169921875,177.3101348876953,326.8970947265625,166.74000549316406,21886.060546875
2025-09-11,155.6699981689453,229.9499969482422,240.21287536621094,749.7820434570312,500.0740661621094,177.16014099121094,306.51641845703125,164.36000061035156,22043.0703125
2025-09-12,158.57000732421875,228.14999389648438,240.64259338378906,754.465087890625,508.94744873046875,177.8101043701172,290.90484619140625,171.42999267578125,22141.099609375
2025-09-15,161.16000366210938,231.42999267578125,251.44552612304688,763.5614624023438,514.397216796875,177.74009704589844,300.8214111328125,171.2100067138672,22348.75
2025-09-16,160.4600067138672,234.0500030517578,250.99581909179688,777.8401489257812,508.08905029296875,174.87026977539062,305.31170654296875,170.25999450683594,22333.9609375
2025-09-17,159.16000366210938,231.6199951171875,249.36688232421875,774.5650634765625,509.06719970703125,170.280517578125,300.0945739746094,168.3300018310547,22261.330078125
2025-09-18,157.9199981689453,231.22999572753906,251.86524963378906,779.0883178710938,507.5001525878906,176.23019409179688,295.3254699707031,176.97000122070312,22470.720703125
2025-09-19,157.38999938964844,231.47999572753906,254.55349731445312,777.2210693359375,516.96240234375,176.66015625,307.3129577636719,182.38999938964844,22631.48046875
2025-09-22,159.7899932861328,227.6300048828125,252.36492919921875,764.5364379882812,513.4889526367188,183.5997772216797,326.7178649902344,179.3300018310547,22788.98046875
2025-09-23,160.89999389648438,220.7100067138672,251.49549865722656,754.784423828125,508.2787170410156,178.42005920410156,312.4603576660156,182.5500030517578,22573.470703125
2025-09-24,160.8800048828125,220.2100067138672,246.97845458984375,760.0401000976562,509.19696044921875,176.96014404296875,307.1138000488281,179.55999755859375,22497.859375
2025-09-25,161.27000427246094,218.14999389648438,245.6293182373047,748.2996826171875,506.0827941894531,177.68011474609375,290.05853271484375,179.1199951171875,22384.69921875
2025-09-26,159.4600067138672,219.77999877929688,246.3788299560547,743.1439208984375,510.5045166015625,178.18008422851562,282.222900390625,177.57000732421875,22484.0703125
2025-09-29,161.36000061035156,222.1699981689453,243.89047241210938,742.794189453125,513.6386108398438,181.8398895263672,281.5260009765625,178.86000061035156,22591.150390625
2025-09-30,161.7899932861328,219.57000732421875,242.94110107421875,733.7815551757812,516.982421875,186.56961059570312,280.0126037597656,182.4199981689453,22660.009765625
2025-10-01,164.00999450683594,220.6300048828125,244.7399139404297,716.7554321289062,518.7391357421875,187.22958374023438,287.7486877441406,184.9499969482422,22755.16015625
2025-10-02,169.72999572753906,222.41000366210938,245.52940368652344,726.45751953125,514.7765502929688,188.87948608398438,287.5196838378906,187.0500030517578,22844.05078125
2025-10-03,164.6699981689453,219.50999450683594,245.1896209716797,709.98095703125,516.3834838867188,187.6095428466797,284.8912353515625,173.07000732421875,22780.509765625
2025-10-06,203.7100067138672,220.89999389648438,250.26629638671875,715.0767822265625,527.5825805664062,185.5296630859375,290.31744384765625,179.52999877929688,22941.669921875
2025-10-07,211.50999450683594,221.77999877929688,245.59934997558594,712.4989013671875,523.0010986328125,185.02969360351562,282.99951171875,182.1699981689453,22788.359375
2025-10-08,235.55999755859375,225.22000122070312,244.46009826660156,717.2550659179688,523.8695068359375,189.09947204589844,287.370361328125,183.55999755859375,23043.380859375
2025-10-09,232.88999938964844,227.74000549316406,241.3721160888672,732.9122314453125,521.4241333007812,192.5592803955078,296.17706298828125,185.47000122070312,23024.630859375
2025-10-10,214.89999389648438,216.3699951171875,236.4153594970703,704.7252197265625,510.0054626464844,183.14981079101562,292.1876220703125,175.44000244140625,22204.4296875
2025-10-13,216.4199981689453,220.07000732421875,243.9904022216797,715.1167602539062,513.0896606445312,188.3095245361328,307.1979675292969,177.2100067138672,22694.609375
2025-10-14,218.08999633789062,216.38999938964844,245.28955078125,708.072509765625,512.610595703125,180.0199737548828,298.2117004394531,179.74000549316406,22521.69921875
2025-10-15,238.60000610351562,215.57000732421875,250.86590576171875,716.9652709960938,512.4708251953125,179.8199920654297,302.81951904296875,179.6199951171875,22670.080078125
2025-10-16,234.55999755859375,214.47000122070312,251.29562377929688,711.48974609375,510.65423583984375,181.7998809814453,312.1748046875,178.1199951171875,22562.5390625
2025-10-17,233.0800018310547,213.0399932861328,253.13442993164062,716.3357543945312,512.62060546875,183.20980834960938,290.5419921875,178.14999389648438,22679.970703125
2025-10-20,240.55999755859375,216.47999572753906,256.3822937011719,731.5733032226562,515.8245239257812,182.6298370361328,276.44921875,181.58999633789062,22990.5390625
2025-10-21,238.02999877929688,222.02999877929688,250.29627990722656,732.6724853515625,516.6929321289062,181.14991760253906,274.4245910644531,181.50999450683594,22953.669921875
2025-10-22,230.22999572753906,217.9499969482422,251.52548217773438,732.8123168945312,519.5675659179688,180.26995849609375,271.941162109375,175.49000549316406,22740.400390625
2025-10-23,234.99000549316406,221.08999633789062,252.91456604003906,733.40185546875,519.5875244140625,182.1498565673828,279.3316345214844,180.47999572753906,22941.80078125
2025-10-24,252.9199981689453,224.2100067138672,259.7501220703125,737.75830078125,522.6318359375,186.24961853027344,282.5830078125,184.6300048828125,23204.869140625
2025-10-27,259.6700134277344,226.97000122070312,269.0939636230469,750.2081298828125,530.527099609375,191.47933959960938,280.6581115722656,189.17999267578125,23637.4609375
2025-10-28,258.010009765625,229.25,267.295166015625,750.82763671875,541.057373046875,201.01881408691406,280.089599609375,189.60000610351562,23827.490234375
2025-10-29,264.3299865722656,230.3000030517578,274.3905334472656,751.0574340820312,540.538330078125,207.02847290039062,274.5741882324219,198.80999755859375,23958.470703125
2025-10-30,254.83999633789062,222.86000061035156,281.2960205078125,665.9268798828125,524.77783203125,202.8787078857422,256.2127380371094,194.5500030517578,23581.140625
2025-10-31,256.1199951171875,244.22000122070312,281.0061950683594,647.8216552734375,516.8426513671875,202.47872924804688,261.9176330566406,200.47000122070312,23724.9609375
2025-11-03,259.6499938964844,254.0,283.5345458984375,637.1903686523438,516.0641479492188,206.8684844970703,257.1701965332031,207.17999267578125,23834.720703125
2025-11-04,250.0500030517578,249.32000732421875,277.35858154296875,626.8087768554688,513.3692016601562,198.67893981933594,247.51571655273438,190.74000549316406,23348.640625
2025-11-05,256.3299865722656,250.1999969482422,284.1241455078125,635.4317626953125,506.2125549316406,195.1991424560547,249.6500701904297,187.89999389648438,23499.80078125
2025-11-06,237.6999969482422,243.0399932861328,284.5638732910156,618.4356079101562,496.1713562011719,188.0695343017578,243.15724182128906,175.0500030517578,23053.990234375
2025-11-07,233.5399932861328,244.41000366210938,278.647705078125,621.203369140625,495.8918762207031,188.1395263671875,238.6291961669922,177.92999267578125,23004.5390625
2025-11-10,243.97999572753906,248.39999389648438,289.9103698730469,631.2451782226562,505.0547180175781,199.03892517089844,240.195068359375,193.61000061035156,23527.169921875
2025-11-11,237.52000427246094,249.10000610351562,291.11956787109375,626.5690307617188,507.7297058105469,193.1492462158203,235.52740478515625,190.9600067138672,23468.30078125
2025-11-12,258.8900146484375,244.1999969482422,286.5225830078125,608.5137329101562,510.1851501464844,193.78921508789062,226.3915557861328,184.1699981689453,23406.4609375
2025-11-13,247.9600067138672,237.5800018310547,278.3879089355469,609.3930053710938,502.34979248046875,186.84959411621094,216.99639892578125,172.13999938964844,22870.359375
2025-11-14,246.80999755859375,234.69000244140625,276.22930908203125,608.96337890625,509.2268981933594,190.15940856933594,222.26248168945312,174.00999450683594,22900.58984375
2025-11-17,240.52000427246094,232.8699951171875,284.83367919921875,601.5194091796875,506.54193115234375,186.58961486816406,219.2803497314453,171.25,22708.0703125
2025-11-18,230.2899932861328,222.5500030517578,284.09417724609375,597.2029418945312,492.8675537109375,181.3498992919922,219.90869140625,167.3300018310547,22432.849609375
2025-11-19,223.5500030517578,222.69000244140625,292.61859130859375,589.8389282226562,486.2099914550781,186.50961303710938,224.93540954589844,165.4199981689453,22564.23046875
2025-11-20,206.02000427246094,217.13999938964844,289.26080322265625,588.669921875,478.42999267578125,180.62994384765625,210.13453674316406,155.7449951171875,22078.05078125
2025-11-21,203.77999877929688,220.69000244140625,299.464111328125,593.7657470703125,472.1199951171875,178.8700408935547,198.23597717285156,154.85000610351562,22273.080078125
2025-11-24,215.0500030517578,226.27999877929688,318.3717346191406,612.5504150390625,474.0,182.5398406982422,199.75196838378906,162.25,22872.009765625
2025-11-25,206.1300048828125,229.6699981689453,323.22857666015625,635.7014770507812,476.989990234375,177.8101043701172,196.5105438232422,163.5500030517578,23025.58984375
2025-11-26,214.24000549316406,229.16000366210938,319.7408752441406,633.0936279296875,485.5,180.2499542236328,204.41964721679688,165.77000427246094,23214.689453125
2025-11-28,217.52999877929688,233.22000122070312,319.970703125,647.4219970703125,492.010009765625,176.99014282226562,201.41757202148438,168.4499969482422,23365.689453125
2025-12-01,219.75999450683594,233.8800048828125,314.6841735839844,640.3477172851562,486.739990234375,179.9099884033203,200.4102325439453,167.49000549316406,23275.919921875
2025-12-02,215.24000549316406,234.4199981689453,315.6035461425781,646.5726318359375,490.0,181.4499053955078,200.56982421875,170.69000244140625,23413.669921875
2025-12-03,217.60000610351562,232.3800048828125,319.42108154296875,639.0787353515625,477.7300109863281,179.5800018310547,207.1823272705078,176.0800018310547,23454.08984375
2025-12-04,215.97999572753906,229.11000061035156,317.4123840332031,660.990966796875,480.8399963378906,183.3800048828125,213.7649383544922,177.9199981689453,23505.140625
2025-12-05,217.97000122070312,229.52999877929688,321.0599670410156,672.8712158203125,483.1600036621094,182.41000366210938,217.00636291503906,181.75999450683594,23578.130859375
2025-12-08,221.11000061035156,226.88999938964844,313.7200012207031,666.256591796875,491.0199890136719,185.5500030517578,219.95855712890625,181.49000549316406,23545.900390625
2025-12-09,221.6199951171875,227.9199981689453,317.0799865722656,656.4246826171875,492.0199890136719,184.97000122070312,220.94595336914062,181.83999633789062,23576.490234375
2025-12-10,221.4199981689453,231.77999877929688,320.2099914550781,649.6002197265625,478.55999755859375,183.77999877929688,222.4220428466797,187.91000366210938,23654.150390625
2025-12-11,221.42999267578125,230.27999877929688,312.42999267578125,652.1781005859375,483.4700012207031,180.92999267578125,198.32574462890625,187.5399932861328,23593.859375
2025-12-12,210.77999877929688,226.19000244140625,309.2900085449219,643.7050170898438,478.5299987792969,175.02000427246094,189.4691619873047,183.57000732421875,23195.169921875
2025-12-15,207.5800018310547,222.5399932861328,308.2200012207031,647.510009765625,474.82000732421875,176.2899932861328,184.43246459960938,183.25,23057.41015625
2025-12-16,209.1699981689453,222.55999755859375,306.57000732421875,657.1500244140625,476.3900146484375,177.72000122070312,188.1526336669922,187.75,23111.4609375
2025-12-17,198.11000061035156,221.27000427246094,296.7200012207031,649.5,476.1199951171875,170.94000244140625,177.989501953125,177.2899932861328,22693.3203125
2025-12-18,201.05999755859375,226.75999450683594,302.4599914550781,664.4500122070312,483.9800109863281,174.13999938964844,179.55535888671875,185.69000244140625,23006.359375
2025-12-19,213.42999267578125,227.35000610351562,307.1600036621094,658.77001953125,485.9200134277344,180.99000549316406,191.46388244628906,193.3800048828125,23307.619140625
2025-12-22,214.9499969482422,228.42999267578125,309.7799987792969,661.5,484.9200134277344,183.69000244140625,197.85699462890625,193.97999572753906,23428.830078125
2025-12-23,214.89999389648438,232.13999938964844,314.3500061035156,664.9400024414062,486.8500061035156,189.2100067138672,194.8249969482422,194.1300048828125,23561.83984375
2025-12-24,215.0399932861328,232.3800048828125,314.0899963378906,667.5499877929688,488.0199890136719,188.61000061035156,196.96932983398438,194.1699981689453,23613.310546875
2025-12-26,214.99000549316406,232.52000427246094,313.510009765625,663.2899780273438,487.7099914550781,190.52999877929688,197.468017578125,188.7100067138672,23593.099609375
2025-12-29,215.61000061035156,232.07000732421875,313.55999755859375,658.6900024414062,487.1000061035156,188.22000122070312,194.86489868164062,184.17999267578125,23474.349609375
2025-12-30,215.33999633789062,232.52999877929688,313.8500061035156,665.9500122070312,487.4800109863281,187.5399932861328,196.69007873535156,180.83999633789062,23419.080078125
2025-12-31,214.16000366210938,230.82000732421875,313.0,660.0900268554688,483.6199951171875,186.5,194.39613342285156,177.75,23241.990234375
