Date,AMZN,CSCO,INTC,MSFT,MSTR,ORCL,QCOM,^IXIC
1999-01-04,2.957813024520874,15.418023109436035,17.127546310424805,21.532672882080078,15.09375,5.730031967163086,2.1463091373443604,2208.050048828125
1999-01-05,3.112499952316284,15.680879592895508,17.473114013671875,22.372596740722656,15.6875,5.904931545257568,2.211641550064087,2251.27001953125
1999-01-06,3.450000047683716,16.13584327697754,18.359174728393555,23.09799575805664,15.6875,6.179774284362793,2.3011717796325684,2320.860107421875
1999-01-07,3.971874952316284,16.762672424316406,18.323728561401367,22.98345184326172,15.5625,6.079832553863525,2.320530414581299,2326.090087890625
1999-01-08,4.006249904632568,17.25807762145996,18.38575553894043,22.88800621032715,17.25,6.163116455078125,2.3326292037963867,2344.409912109375
1999-01-11,4.615624904632568,16.934547424316406,19.81231689453125,22.52531623840332,17.0,6.288043975830078,2.4003820419311523,2384.590087890625
1999-01-12,4.084374904632568,15.8729829788208,19.218652725219727,21.714021682739258,16.1875,6.1214728355407715,2.3568265438079834,2320.75
1999-01-13,3.700000047683716,15.509016036987305,19.70598602294922,21.962175369262695,15.6875,6.096487522125244,2.2793948650360107,2316.81005859375
1999-01-14,3.450000047683716,15.58989143371582,18.961692810058594,21.647201538085938,15.25,5.9465742111206055,2.3447277545928955,2276.820068359375
1999-01-15,3.5093750953674316,16.44925308227539,19.19207191467285,22.868925094604492,15.3125,6.2797160148620605,2.4729747772216797,2348.199951171875
1999-01-19,3.4953129291534424,17.2075252532959,19.759153366088867,23.766109466552734,15.53125,6.887696266174316,2.5746026039123535,2408.169921875
1999-01-20,2.825000047683716,17.16708755493164,19.599653244018555,24.835111618041992,15.5625,6.7794270515441895,2.4003820419311523,2415.489990234375
1999-01-21,2.6500000953674316,16.38859748840332,18.926246643066406,24.17652130126953,15.75,6.487929821014404,2.3035919666290283,2344.719970703125
1999-01-22,3.075000047683716,16.631240844726562,18.27056312561035,23.861560821533203,16.4375,6.646170616149902,2.284233570098877,2338.8798828125
1999-01-25,2.809375047683716,16.732345581054688,18.51866340637207,24.7205867767334,15.28125,6.804415225982666,2.2503578662872314,2369.31005859375
1999-01-26,2.8773438930511475,17.328847885131836,19.413591384887695,26.19999122619629,14.5,7.0459394454956055,2.322951078414917,2433.409912109375
1999-01-27,3.140625,16.732345581054688,18.819921493530273,25.751399993896484,15.125,6.79608678817749,2.289073944091797,2407.139892578125
1999-01-28,3.0718750953674316,17.61192512512207,19.44902992248535,26.57223129272461,14.6875,7.154210567474365,2.4923312664031982,2477.340087890625
1999-01-29,2.92343807220459,18.04666519165039,19.98065757751465,26.72493553161621,14.5,7.379083156585693,2.5479865074157715,2505.889892578125
1999-02-01,2.8968749046325684,18.602725982666016,19.546497344970703,26.409976959228516,14.8125,7.878793716430664,2.453615665435791,2510.090087890625
1999-02-02,2.7562499046325684,18.180625915527344,19.08574867248535,25.598678588867188,14.375,7.837149143218994,2.42457914352417,2463.419921875
1999-02-03,3.143749952316284,17.97589874267578,19.670452117919922,25.474607467651367,14.75,8.095335006713867,2.5794429779052734,2493.409912109375
1999-02-04,2.950000047683716,17.025545120239258,18.45600128173828,24.291072845458984,14.625,7.770527362823486,2.533466339111328,2410.070068359375
1999-02-05,2.8968749046325684,16.378488540649414,18.092557907104492,24.43424415588379,14.625,7.487347602844238,2.5963804721832275,2373.6201171875
1999-02-08,2.7281250953674316,16.489696502685547,18.72194480895996,25.235984802246094,13.65625,7.645596981048584,2.700427770614624,2404.919921875
1999-02-09,2.5,15.519123077392578,17.773439407348633,24.443784713745117,13.53125,7.279141426086426,2.630258560180664,2310.7900390625
1999-02-10,2.4359378814697266,15.943746566772461,18.269851684570312,24.52968978881836,13.5,7.154210567474365,2.5746026039123535,2309.5
1999-02-11,2.746875047683716,16.964876174926758,18.89923667907715,24.854209899902344,13.3125,7.937097072601318,2.637516498565674,2405.550048828125
1999-02-12,2.612499952316284,16.024633407592773,17.941865921020508,24.090621948242188,13.25,7.553982734680176,2.5915415287017822,2321.889892578125
1999-02-16,2.465625047683716,16.024633407592773,17.92413330078125,23.861560821533203,12.5,7.120896339416504,2.6084797382354736,2313.8701171875
1999-02-17,2.3375000953674316,15.387683868408203,17.675920486450195,22.9071044921875,12.46875,6.8293986320495605,2.518948554992676,2248.909912109375
1999-02-18,2.237499952316284,15.559565544128418,18.172334671020508,22.2580623626709,12.46875,6.771097660064697,2.4741837978363037,2260.550048828125
1999-02-19,2.546875,15.711216926574707,18.163476943969727,22.563491821289062,12.5,7.220839977264404,2.511690378189087,2283.60009765625
1999-02-22,2.6624999046325684,16.50992202758789,18.837177276611328,22.725753784179688,13.0,7.270809650421143,2.7633438110351562,2342.010009765625
1999-02-23,2.879688024520874,16.65146255493164,19.04106330871582,23.73748779296875,12.5,7.795511245727539,2.8504526615142822,2376.35009765625
1999-02-24,2.773437976837158,16.166175842285156,18.491464614868164,23.346162796020508,12.3125,7.420726299285889,2.816577196121216,2339.3798828125
1999-02-25,3.125,15.933640480041504,18.119144439697266,23.44159698486328,12.5625,7.728882789611816,2.816577196121216,2326.820068359375
1999-02-26,3.203125,15.822427749633789,17.01108741760254,22.92618179321289,12.4375,7.4457106590271,2.8262553215026855,2288.030029296875
1999-03-01,3.325000047683716,16.085289001464844,16.603309631347656,23.174346923828125,12.4375,7.320781230926514,2.8020572662353516,2295.179931640625
1999-03-02,3.03281307220459,15.478683471679688,15.575024604797363,22.68756866455078,13.1875,7.058437347412109,2.855292558670044,2259.030029296875
1999-03-03,3.0875000953674316,15.387683868408203,16.266456604003906,22.849828720092773,12.6875,6.995970249176025,2.8310959339141846,2265.199951171875
1999-03-04,3.003124952316284,15.893200874328613,16.08030128479004,23.250699996948242,12.375,7.270809650421143,2.881910800933838,2292.889892578125
1999-03-05,3.0374999046325684,16.307720184326172,16.257587432861328,23.661121368408203,12.53125,7.483188629150391,2.9641809463500977,2337.110107421875
1999-03-08,3.054687976837158,16.914329528808594,16.966768264770508,24.28152847290039,12.375,7.658091068267822,3.0101571083068848,2397.6201171875
1999-03-09,3.2484378814697266,17.035654067993164,16.355104446411133,24.711029052734375,12.34375,7.745537281036377,3.0875887870788574,2392.93994140625
1999-03-10,3.4281249046325684,16.883996963500977,16.57671546936035,24.64422607421875,12.28125,7.583128929138184,3.082747220993042,2406.0
1999-03-11,3.371875047683716,17.065975189208984,16.75400733947754,24.653766632080078,11.375,7.370752334594727,3.111785650253296,2412.25
1999-03-12,3.332813024520874,16.702011108398438,16.771739959716797,24.462871551513672,11.25,5.709210395812988,2.990797996520996,2381.530029296875
1999-03-15,3.473438024520874,16.98509979248047,16.71855354309082,25.331432342529297,10.625,5.996546268463135,3.1771183013916016,2431.43994140625
1999-03-16,3.34531307220459,17.1468563079834,17.073129653930664,25.818218231201172,10.9375,5.9590654373168945,3.13114333152771,2439.27001953125
1999-03-17,3.2750000953674316,17.15696907043457,17.09086036682129,25.52231788635254,10.84375,5.809152603149414,3.1021053791046143,2428.969970703125
1999-03-18,3.460937976837158,17.28840446472168,17.277021408081055,26.333627700805664,10.0625,5.934080123901367,3.1771183013916016,2462.9599609375
1999-03-19,3.37656307220459,16.904216766357422,16.87811851501465,26.142719268798828,9.3125,5.509325981140137,3.2739062309265137,2421.27001953125
1999-03-22,3.299999952316284,16.621129989624023,16.328519821166992,26.390892028808594,9.375,5.434370994567871,3.3924763202667236,2395.93994140625
1999-03-23,2.984375,16.226835250854492,16.24873161315918,25.436418533325195,9.0,5.209497928619385,3.179537296295166,2322.840087890625
1999-03-24,3.0921878814697266,16.894105911254883,16.9135799407959,26.15228271484375,9.5,5.184513568878174,3.382796049118042,2365.280029296875
1999-03-25,3.496875047683716,17.37939453125,16.727420806884766,27.478971481323242,10.5,5.334428310394287,3.8110885620117188,2434.800048828125
1999-03-26,3.476562976837158,17.015432357788086,16.550128936767578,27.20218276977539,10.5,5.4968342781066895,4.319235801696777,2419.169921875
1999-03-29,3.7406249046325684,17.793912887573242,17.24155616760254,28.21391487121582,10.25,5.696720123291016,4.449902057647705,2492.840087890625
1999-03-30,4.117187976837158,17.783798217773438,17.24155616760254,28.40479278564453,9.75,5.371905326843262,4.529752254486084,2480.2900390625
1999-03-31,4.304687976837158,17.723140716552734,16.860383987426758,27.373985290527344,9.625,5.271963119506836,4.815282344818115,2461.39990234375
1999-04-01,4.275000095367432,17.783798217773438,17.144052505493164,28.30934715270996,9.0,5.159525394439697,5.304069519042969,2493.3701171875
1999-04-05,4.662499904632568,18.511734008789062,18.083703994750977,28.996570587158203,9.25,5.0595855712890625,5.763821601867676,2560.06005859375
1999-04-06,4.571875095367432,18.643171310424805,18.500328063964844,28.72933006286621,9.375,4.734770774841309,5.650092124938965,2563.169921875
1999-04-07,4.395312786102295,19.209341049194336,18.73967742919922,28.500261306762695,8.8125,4.285030841827393,5.362143039703369,2544.429931640625
1999-04-08,4.474999904632568,19.027355194091797,18.588973999023438,28.88202476501465,8.34375,4.659814834594727,5.744462966918945,2573.389892578125
1999-04-09,4.571875095367432,19.108234405517578,18.553516387939453,28.786590576171875,8.4375,5.172021389007568,5.6355743408203125,2593.050048828125
1999-04-12,4.61093807220459,19.047576904296875,17.374528884887695,28.40479278564453,8.125,4.997121810913086,6.228409767150879,2598.81005859375
1999-04-13,4.459374904632568,18.461181640625,17.161785125732422,27.52667808532715,7.96875,4.722277641296387,6.572011947631836,2583.5
1999-04-14,4.199999809265137,17.91523551940918,16.1689510345459,26.228628158569336,7.9375,4.822221755981445,6.114683151245117,2507.280029296875
1999-04-15,4.181250095367432,17.844463348388672,16.57671546936035,27.14491081237793,8.5625,4.972135543823242,6.107424259185791,2521.77001953125
1999-04-16,4.75,17.096311569213867,16.23986053466797,26.457693099975586,8.65625,4.8971781730651855,5.5170087814331055,2484.0400390625
1999-04-19,3.973438024520874,16.176288604736328,15.743452072143555,24.739646911621094,7.75,4.672308444976807,4.824960708618164,2345.610107421875
1999-04-20,4.300000190734863,16.429039001464844,16.044837951660156,25.388700485229492,8.4375,4.647323131561279,5.444412708282471,2409.639892578125
1999-04-21,4.481249809265137,17.460277557373047,16.57671546936035,25.04511260986328,8.875,4.822221755981445,7.552004337310791,2489.080078125
1999-04-22,4.75156307220459,18.30953598022461,17.445444107055664,25.94228744506836,9.375,5.159525394439697,7.489093780517578,2561.610107421875
1999-04-23,5.253125190734863,18.98691749572754,17.516359329223633,26.266815185546875,9.0,5.465603351593018,7.389883041381836,2590.68994140625
1999-04-26,5.179687976837158,19.027355194091797,18.278715133666992,26.877662658691406,9.0625,5.734195709228516,7.8786725997924805,2652.050048828125
1999-04-27,5.146874904632568,18.612831115722656,17.658193588256836,25.65595245361328,8.75,5.609269142150879,7.6294355392456055,2602.409912109375
1999-04-28,4.837500095367432,18.076995849609375,17.35679054260254,25.083269119262695,8.34375,5.459353923797607,7.372945785522461,2550.3701171875
1999-04-29,4.206250190734863,17.66248321533203,17.25041961669922,25.064189910888672,8.625,5.446861743927002,7.675414085388184,2528.43994140625
1999-04-30,4.301562786102295,18.45107078552246,17.35679054260254,24.835111618041992,8.625,5.409383773803711,7.743168830871582,2542.860107421875
1999-05-03,3.773437976837158,18.380298614501953,17.906400680541992,24.39606285095215,8.4375,5.209497928619385,8.454571723937988,2535.580078125
1999-05-04,3.575000047683716,17.571491241455078,17.498628616333008,23.842477798461914,8.625,5.03460168838501,8.12548542022705,2485.1201171875
1999-05-05,3.6624999046325684,17.95061492919922,18.1634464263916,24.1669864654541,8.78125,4.997121810913086,8.69654369354248,2534.449951171875
1999-05-06,3.434375047683716,17.29850959777832,16.939533233642578,23.80428123474121,8.625,4.834716796875,8.36504077911377,2472.280029296875
1999-05-07,3.409374952316284,17.55126953125,17.294296264648438,24.147897720336914,8.71875,4.8971781730651855,8.37230110168457,2503.6201171875
1999-05-10,3.671875,17.672590255737305,17.20560073852539,24.338787078857422,8.625,4.872194290161133,8.207756996154785,2526.389892578125
1999-05-11,3.7093749046325684,18.09721565246582,17.684524536132812,24.39606285095215,8.75,4.959644794464111,8.478766441345215,2566.679931640625
1999-05-12,3.5734379291534424,19.209341049194336,17.737733840942383,24.586956024169922,8.875,5.0595855712890625,9.025627136230469,2606.5400390625
1999-05-13,3.4000000953674316,19.037464141845703,17.045963287353516,24.1669864654541,9.375,4.597350597381592,8.909477233886719,2582.0
1999-05-14,3.309375047683716,18.673498153686523,16.460620880126953,23.479774475097656,9.625,4.772253036499023,8.672345161437988,2527.860107421875
1999-05-17,3.440624952316284,18.835262298583984,16.868587493896484,24.1669864654541,9.6875,4.8971781730651855,8.420696258544922,2561.840087890625
1999-05-18,3.315624952316284,18.794822692871094,16.726682662963867,24.03336524963379,10.0,4.959644794464111,7.989980220794678,2558.360107421875
1999-05-19,3.489063024520874,18.855478286743164,16.939533233642578,24.224262237548828,11.125,5.271963119506836,8.004496574401855,2577.39990234375
1999-05-20,3.270313024520874,18.56228256225586,16.371929168701172,23.957014083862305,11.375,5.0595855712890625,7.917389392852783,2542.22998046875
1999-05-21,3.2140629291534424,18.319643020629883,16.176816940307617,23.68975830078125,11.9375,5.147034645080566,7.767364501953125,2520.139892578125
1999-05-24,2.9375,17.692808151245117,15.87527084350586,23.594308853149414,12.0625,4.947150707244873,7.181788444519043,2453.659912109375
1999-05-25,2.789062976837158,16.883996963500977,15.006125450134277,23.288888931274414,12.0625,4.79723596572876,7.089839935302734,2380.89990234375
1999-05-26,3.023437976837158,17.652372360229492,14.669112205505371,23.976099014282227,12.46875,4.684802055358887,7.65121603012085,2427.179931640625
1999-05-27,2.864063024520874,17.47038459777832,15.077075004577637,23.93792724609375,11.625,4.709786415100098,7.462474346160889,2419.14990234375
1999-05-28,2.96875,17.632150650024414,15.3431396484375,24.64422607421875,12.5,4.959644794464111,7.530229091644287,2470.52001953125
1999-06-01,2.645313024520874,17.318737030029297,14.385302543640137,23.976099014282227,12.0625,5.097062110900879,7.273739814758301,2412.030029296875
1999-06-02,2.8031249046325684,17.814138412475586,14.740057945251465,23.957014083862305,11.875,5.234484672546387,7.656055450439453,2432.409912109375
1999-06-03,2.62656307220459,17.60181999206543,14.33209228515625,23.32706642150879,11.71875,5.4968342781066895,7.902873992919922,2403.320068359375
1999-06-04,2.710937976837158,18.582508087158203,15.09481143951416,24.300607681274414,11.875,5.734195709228516,8.51264476776123,2478.340087890625
1999-06-07,2.934375047683716,18.663387298583984,15.165770530700684,24.510601043701172,11.5,5.696720123291016,8.48360824584961,2524.2099609375
1999-06-08,2.789062976837158,18.06688117980957,14.669112205505371,24.24333953857422,11.5625,5.421875953674316,8.120646476745605,2474.56005859375
1999-06-09,2.8499999046325684,18.40052604675293,15.077075004577637,25.14055061340332,11.625,5.334428310394287,8.478766441345215,2519.35009765625
1999-06-10,2.898437976837158,17.864686965942383,15.715632438659668,24.39606285095215,11.625,5.209497928619385,8.575555801391602,2484.6201171875
1999-06-11,2.645313024520874,17.905132293701172,15.449567794799805,23.861560821533203,11.5625,5.0595855712890625,8.420696258544922,2447.8798828125
1999-06-14,2.299999952316284,17.4400577545166,15.431833267211914,23.68975830078125,11.75,5.284454822540283,7.956099987030029,2398.31005859375
1999-06-15,2.4124999046325684,17.986003875732422,15.804322242736816,23.72793197631836,12.0625,5.022107124328613,8.803013801574707,2414.669921875
1999-06-16,2.7921879291534424,18.804933547973633,16.939533233642578,24.739646911621094,12.5,6.583707332611084,9.17081069946289,2517.830078125
1999-06-17,2.8234379291534424,18.98691749572754,16.460620880126953,25.312334060668945,12.46875,6.970982551574707,9.286961555480957,2544.14990234375
1999-06-18,2.78281307220459,19.310440063476562,15.591479301452637,25.961383819580078,12.9375,7.008460521697998,10.046759605407715,2563.43994140625
1999-06-21,3.0875000953674316,19.91705322265625,16.123592376708984,27.164012908935547,14.0,6.821071624755859,10.104833602905273,2630.280029296875
1999-06-22,2.9375,19.24977684020996,15.804322242736816,26.419527053833008,14.40625,6.821071624755859,10.114513397216797,2580.260009765625
1999-06-23,2.9437499046325684,20.018152236938477,16.052648544311523,26.266815185546875,15.0,7.020956993103027,10.366165161132812,2598.1201171875
1999-06-24,2.840625047683716,19.492416381835938,15.62695026397705,25.846832275390625,15.75,7.133391380310059,9.891897201538086,2553.989990234375
1999-06-25,2.754688024520874,19.836170196533203,15.697896003723145,25.94228744506836,16.75,7.145880222320557,9.814461708068848,2552.64990234375
1999-06-28,2.76718807220459,20.038366317749023,16.176816940307617,26.495885848999023,15.875,7.333276271820068,10.414560317993164,2602.43994140625
1999-06-29,2.9015629291534424,20.22035026550293,16.815378189086914,26.877662658691406,16.3125,7.420726299285889,10.608139038085938,2642.110107421875
1999-06-30,3.128124952316284,20.84718132019043,16.886320114135742,27.54578971862793,18.9375,7.420726299285889,11.111444473266602,2686.1201171875
1999-07-01,3.059375047683716,20.82697296142578,17.844165802001953,27.85122299194336,19.3125,7.545651912689209,10.821072578430176,2706.179931640625
1999-07-02,3.101562976837158,21.696441650390625,18.02153205871582,28.09938621520996,18.5625,7.683073997497559,11.16951847076416,2741.02001953125
1999-07-06,3.171875,21.57512664794922,18.127971649169922,27.35489273071289,17.65625,7.7330427169799805,11.014653205871582,2736.780029296875
1999-07-07,3.046875,21.433574676513672,18.26987075805664,28.19481086730957,17.96875,7.7330427169799805,10.796882629394531,2743.0400390625
1999-07-08,3.1343750953674316,21.49424171447754,18.66010284423828,28.271175384521484,18.75,7.783018112182617,11.014653205871582,2771.860107421875
1999-07-09,3.137500047683716,21.696441650390625,18.801992416381836,28.48116683959961,20.0625,7.857975959777832,11.51795768737793,2793.070068359375
1999-07-12,2.934375047683716,21.23137855529785,18.5714054107666,28.76749610900879,20.75,7.770527362823486,11.416335105895996,2790.43994140625
1999-07-13,3.153125047683716,21.110048294067383,18.553678512573242,28.595693588256836,21.3125,7.7330427169799805,11.179194450378418,2778.22998046875
1999-07-14,3.375,21.130273818969727,19.298646926879883,28.996570587158203,21.0,7.608120918273926,11.580877304077148,2818.1298828125
1999-07-15,3.489063024520874,21.534685134887695,19.209970474243164,28.824769973754883,21.5,7.795511245727539,11.84462833404541,2839.3701171875
1999-07-16,3.440624952316284,21.352693557739258,19.050331115722656,30.370988845825195,20.0625,7.945420265197754,12.253564834594727,2864.47998046875
1999-07-19,3.2921879291534424,21.00894546508789,19.17449188232422,30.046480178833008,18.9375,7.895452976226807,12.287434577941895,2830.2900390625
1999-07-20,3.003124952316284,20.13947105407715,18.429502487182617,28.500261306762695,18.8125,7.495683670043945,12.61652660369873,2732.179931640625
1999-07-21,3.1359379291534424,20.402328491210938,18.60688591003418,28.92021942138672,19.21875,7.620605945587158,12.127735137939453,2761.77001953125
1999-07-22,2.6703128814697266,19.775510787963867,18.127971649169922,27.813030242919922,20.375,7.245822906494141,11.65346622467041,2684.43994140625
1999-07-23,2.864063024520874,20.361892700195312,18.21665382385254,27.56488609313965,20.3125,7.233334064483643,11.977716445922852,2692.39990234375
1999-07-26,2.648437976837158,19.755281448364258,17.844165802001953,26.76312828063965,18.6875,6.995970249176025,11.818012237548828,2619.18994140625
1999-07-27,2.5250000953674316,20.361892700195312,19.17449188232422,27.125843048095703,18.71875,7.408230781555176,11.953511238098145,2679.330078125
1999-07-28,2.643749952316284,20.483219146728516,19.9549503326416,27.48851776123047,18.125,7.533160209655762,12.369704246520996,2705.840087890625
1999-07-29,2.539062976837158,19.97771453857422,19.724355697631836,26.553150177001953,16.71875,7.608120918273926,12.108372688293457,2640.010009765625
1999-07-30,2.50156307220459,20.09903335571289,19.582456588745117,26.209537506103516,17.1875,7.608120918273926,12.079341888427734,2638.489990234375
1999-08-02,2.3499999046325684,19.99793243408203,20.238758087158203,25.90410041809082,16.25,7.620605945587158,11.808330535888672,2623.6298828125
1999-08-03,2.371875047683716,19.775510787963867,20.699934005737305,25.885028839111328,15.71875,7.420726299285889,10.840432167053223,2587.989990234375
1999-08-04,2.210937976837158,19.57330894470215,20.672971725463867,25.94228744506836,14.90625,7.345766067504883,11.029170989990234,2540.0
1999-08-05,2.4312500953674316,19.896831512451172,20.282575607299805,26.19044303894043,15.40625,7.420726299285889,11.087248802185059,2565.830078125
1999-08-06,2.239063024520874,20.13947105407715,20.31806182861328,25.999568939208984,15.3125,7.295798301696777,11.440528869628906,2547.969970703125
1999-08-09,2.137500047683716,19.350875854492188,20.850418090820312,25.598678588867188,13.21875,7.270809650421143,11.416335105895996,2518.97998046875
1999-08-10,2.2750000953674316,19.00713348388672,20.371292114257812,25.331432342529297,13.375,7.195858478546143,11.430851936340332,2490.110107421875
1999-08-11,2.273437976837158,20.361892700195312,21.577959060668945,25.71321678161621,14.34375,7.345766067504883,11.595392227172852,2564.97998046875
1999-08-12,2.293750047683716,19.957490921020508,21.56021499633789,24.968748092651367,14.625,7.095914840698242,11.692182540893555,2549.489990234375
1999-08-13,2.4359378814697266,20.56410026550293,22.64266014099121,25.865938186645508,15.0625,7.720553874969482,12.389065742492676,2637.81005859375
1999-08-16,2.457813024520874,20.54387855529785,22.305511474609375,25.751399993896484,14.625,7.857975959777832,12.52457332611084,2645.280029296875
1999-08-17,2.731250047683716,20.786523818969727,22.429725646972656,25.827754974365234,15.5625,7.458204746246338,13.400519371032715,2671.22998046875
1999-08-18,2.828125,20.483219146728516,22.287771224975586,25.961383819580078,15.125,7.0834174156188965,12.892377853393555,2657.72998046875
1999-08-19,2.653125047683716,20.13947105407715,21.95060157775879,25.598678588867188,15.0625,7.195858478546143,12.756866455078125,2621.429931640625
1999-08-20,2.835937976837158,20.746078491210938,22.695907592773438,25.465059280395508,15.625,7.395739555358887,13.545705795288086,2648.330078125
1999-08-23,2.9593749046325684,21.271818161010742,23.54765510559082,26.400436401367188,16.375,7.508172035217285,14.203877449035645,2719.570068359375
1999-08-24,3.00156307220459,21.474014282226562,23.600894927978516,28.156639099121094,18.0625,7.383241176605225,13.860267639160156,2752.3701171875
1999-08-25,3.3218750953674316,22.201948165893555,23.760604858398438,29.11111068725586,18.75,7.383241176605225,14.712011337280273,2805.60009765625
1999-08-26,3.2140629291534424,22.30304527282715,23.015316009521484,28.901126861572266,19.25,7.420726299285889,14.770088195800781,2774.6201171875
1999-08-27,3.2125000953674316,22.16151237487793,23.565406799316406,28.48116683959961,18.0,7.395739555358887,14.228065490722656,2758.89990234375
1999-08-30,2.981250047683716,21.5953426361084,23.352455139160156,28.175735473632812,17.90625,7.295798301696777,14.169995307922363,2712.68994140625
1999-08-31,3.109375,21.939088821411133,23.334712982177734,28.271175384521484,19.875,7.295798301696777,14.88139533996582,2739.35009765625
1999-09-01,2.976562976837158,22.30304527282715,23.689620971679688,28.21391487121582,20.4375,7.533160209655762,13.061758041381836,2750.800048828125
1999-09-02,3.003124952316284,22.08062744140625,24.221982955932617,28.042102813720703,19.1875,7.683073997497559,12.950443267822266,2734.239990234375
1999-09-03,3.121875047683716,22.950098037719727,25.357648849487305,29.28289794921875,20.6875,8.295219421386719,12.650396347045898,2843.110107421875
1999-09-07,3.1468749046325684,22.76811981201172,24.878543853759766,28.786590576171875,20.3125,8.75745677947998,12.839139938354492,2837.260009765625
1999-09-08,3.0718750953674316,22.30304527282715,24.399425506591797,28.175735473632812,20.125,8.857396125793457,12.998841285705566,2808.739990234375
1999-09-09,3.1812500953674316,22.626577377319336,24.914026260375977,28.72933006286621,19.9375,8.807430267333984,12.863334655761719,2852.02001953125
1999-09-10,3.325000047683716,22.88945198059082,24.807559967041016,29.015653610229492,19.625,9.269659996032715,12.829461097717285,2887.06005859375
1999-09-13,3.1656250953674316,22.869220733642578,23.95580291748047,28.672048568725586,20.0,9.144733428955078,11.876086235046387,2844.77001953125
1999-09-14,3.299999952316284,23.27362823486328,24.36393165588379,29.034740447998047,20.625,9.082268714904785,13.202099800109863,2868.2900390625
1999-09-15,3.278125047683716,22.808561325073242,23.565406799316406,28.29027557373047,19.65625,8.532586097717285,13.463435173034668,2814.169921875
1999-09-16,3.262500047683716,22.808561325073242,23.45893669128418,28.71023178100586,19.75,8.43264389038086,13.928019523620605,2806.719970703125
1999-09-17,3.190624952316284,23.77914047241211,24.026775360107422,29.4547119140625,20.6875,8.707483291625977,14.70717716217041,2869.6201171875
1999-09-20,3.137500047683716,23.67804527282715,23.867069244384766,29.798322677612305,20.6875,9.019803047180176,14.557159423828125,2886.14990234375
1999-09-21,3.112499952316284,23.010761260986328,23.28150177001953,28.901126861572266,20.34375,8.894878387451172,14.116755485534668,2821.10009765625
1999-09-22,3.299999952316284,23.374732971191406,23.51216697692871,29.34016990661621,22.0,9.13223934173584,14.721700668334961,2858.159912109375
1999-09-23,3.112499952316284,22.444591522216797,22.003854751586914,27.85122299194336,23.125,8.694989204406738,14.450692176818848,2749.830078125
1999-09-24,3.25,22.323266983032227,21.48480796813965,27.774860382080078,22.09375,8.43264389038086,14.673303604125977,2740.409912109375
1999-09-27,3.128124952316284,22.04018783569336,22.199045181274414,27.927574157714844,22.9375,8.45762825012207,14.968507766723633,2761.75
1999-09-28,3.293750047683716,22.121074676513672,22.003854751586914,28.13753890991211,23.25,8.570061683654785,14.992703437805176,2756.25
1999-09-29,4.037499904632568,21.615562438964844,21.347278594970703,27.335803985595703,24.71875,8.657514572143555,14.537796974182129,2730.27001953125
1999-09-30,3.996875047683716,22.181734085083008,21.09885025024414,27.66033172607422,28.03125,9.094759941101074,14.649102210998535,2746.159912109375
1999-10-01,3.862499952316284,22.28282928466797,21.276296615600586,27.483736038208008,28.8125,9.044791221618652,14.46520709991455,2736.85009765625
1999-10-04,3.8531250953674316,22.808561325073242,21.86188507080078,28.271175384521484,30.125,9.294646263122559,14.699913024902344,2795.969970703125
1999-10-05,3.921875,23.17252540588379,21.631193161010742,28.042102813720703,33.4375,9.244674682617188,15.079812049865723,2799.669921875
1999-10-06,4.121874809265137,23.268573760986328,21.84414291381836,28.61478614807129,35.375,9.169716835021973,15.820247650146484,2857.2099609375
1999-10-07,4.365624904632568,22.929882049560547,21.471500396728516,28.633874893188477,33.5625,8.932356834411621,15.529887199401855,2860.699951171875
1999-10-08,4.462500095367432,23.233182907104492,21.489240646362305,28.996570587158203,34.4375,9.044791221618652,16.565534591674805,2886.570068359375
1999-10-11,4.418749809265137,23.435394287109375,21.719926834106445,28.805679321289062,35.8125,9.207196235656738,17.228534698486328,2915.949951171875
1999-10-12,4.246874809265137,23.21296501159668,21.773155212402344,28.271175384521484,35.0,9.394591331481934,16.420347213745117,2872.429931640625
1999-10-13,3.996875047683716,22.74789810180664,20.477779388427734,27.813030242919922,34.875,9.482035636901855,15.822674751281738,2801.27001953125
1999-10-14,3.9796879291534424,22.444591522216797,20.823801040649414,27.698509216308594,37.25,9.350862503051758,15.798478126525879,2806.840087890625
1999-10-15,3.753124952316284,21.73687744140625,20.122873306274414,26.89675521850586,38.5,8.994819641113281,15.37018871307373,2731.830078125
1999-10-18,3.703125,21.797548294067383,19.69699478149414,26.839492797851562,35.3125,8.769948959350586,15.152408599853516,2689.14990234375
1999-10-19,3.831249952316284,21.797548294067383,18.49032211303711,26.36225700378418,41.375,8.75745677947998,15.331466674804688,2688.179931640625
1999-10-20,4.025000095367432,22.626577377319336,19.8566951751709,28.175735473632812,46.625,8.94484806060791,15.665392875671387,2788.1298828125
1999-10-21,4.037499904632568,22.383939743041992,20.35354995727539,28.423898696899414,45.0625,9.032296180725098,16.701038360595703,2801.949951171875
1999-10-22,3.9312500953674316,21.534685134887695,20.850418090820312,28.30934715270996,45.3125,8.819915771484375,16.70588493347168,2816.52001953125
1999-10-25,4.137499809265137,21.51445198059082,20.22933006286621,28.233009338378906,43.1875,8.657514572143555,16.347755432128906,2815.949951171875
1999-10-26,4.0625,21.75710105895996,20.282575607299805,28.21391487121582,41.625,8.682496070861816,16.08642578125,2811.469970703125
1999-10-27,3.796875,22.383939743041992,19.71472930908203,27.755773544311523,42.875,8.957337379455566,16.115463256835938,2802.52001953125
1999-10-28,3.549999952316284,22.950098037719727,20.495515823364258,27.450334548950195,43.1875,9.169716835021973,16.880098342895508,2875.219970703125
1999-10-29,3.53125,23.94090461730957,21.986108779907227,28.271175384521484,48.3125,9.507022857666016,17.24790382385254,2966.429931640625
1999-11-01,3.456249952316284,23.576940536499023,21.577959060668945,28.21391487121582,48.9375,10.231602668762207,17.436643600463867,2967.64990234375
1999-11-02,3.3218750953674316,23.77914047241211,22.003854751586914,28.271175384521484,49.0625,10.593894958496094,17.40760612487793,2981.6298828125
1999-11-03,3.2906250953674316,23.1320858001709,22.651432037353516,28.09938621520996,49.9375,11.45589542388916,20.17094612121582,3028.510009765625
1999-11-04,3.153125047683716,22.646800994873047,23.166234970092773,28.023027420043945,49.6875,11.630799293518066,20.43712615966797,3055.949951171875
1999-11-05,3.246875047683716,23.758914947509766,23.397018432617188,27.965770721435547,47.9375,11.730741500854492,22.79395294189453,3102.2900390625
1999-11-08,3.9000000953674316,24.365528106689453,23.32601547241211,27.46942138671875,47.25,11.880659103393555,22.406789779663086,3143.969970703125
1999-11-09,3.5406250953674316,24.021785736083984,22.740190505981445,27.14491081237793,46.8125,11.680770874023438,23.21497344970703,3125.0400390625
1999-11-10,3.5999999046325684,25.720294952392578,22.43840789794922,26.610410690307617,47.125,11.768218994140625,24.744258880615234,3155.9599609375
1999-11-11,3.6500000953674316,27.095277786254883,22.562671661376953,27.373985290527344,44.4375,12.405352592468262,26.752641677856445,3197.2900390625
1999-11-12,3.746875047683716,26.994165420532227,21.63957977294922,27.2403564453125,41.3125,13.017504692077637,29.269176483154297,3221.14990234375
1999-11-15,3.674999952316284,26.791963577270508,21.036014556884766,26.57223129272461,42.875,12.805123329162598,28.494853973388672,3219.5400390625
1999-11-16,3.9468750953674316,27.337921142578125,21.746091842651367,26.667692184448242,46.625,12.892571449279785,28.301280975341797,3295.52001953125
1999-11-17,3.825000047683716,27.41880989074707,21.231279373168945,25.961383819580078,45.71875,14.191829681396484,26.54939079284668,3269.389892578125
1999-11-18,3.8968749046325684,28.45003890991211,22.296396255493164,25.94228744506836,47.875,14.828956604003906,27.551145553588867,3347.110107421875
1999-11-19,3.8968749046325684,28.51070213317871,22.68693733215332,26.266815185546875,49.25,15.216241836547852,28.422269821166992,3369.25
1999-11-22,4.025000095367432,28.308507919311523,22.864456176757812,27.431251525878906,50.875,15.478583335876465,27.875402450561523,3392.56005859375
1999-11-23,4.087500095367432,28.632022857666016,22.43840789794922,27.373985290527344,49.78125,14.691532135009766,27.89474868774414,3342.8701171875
1999-11-24,4.362500190734863,29.905906677246094,23.343767166137695,28.00393295288086,54.65625,14.354229927062988,29.061071395874023,3420.5
1999-11-26,4.65625,30.148550033569336,22.79345703125,27.83211326599121,60.21875,14.716527938842773,29.791845321655273,3447.81005859375
1999-11-29,4.521874904632568,30.00701141357422,22.420650482177734,27.54578971862793,67.875,14.504138946533203,28.746509552001953,3421.3701171875
1999-11-30,4.253125190734863,28.85444450378418,21.781587600708008,27.808269500732422,61.25,13.554693222045898,28.054460525512695,3336.159912109375
1999-12-01,4.25,29.58237648010254,21.675079345703125,28.46207046508789,63.03125,14.129363059997559,28.19480323791504,3353.7099609375
1999-12-02,4.453125,30.249658584594727,22.030122756958008,28.958391189575195,65.5,15.178751945495605,28.959449768066406,3452.780029296875
1999-12-03,4.328125,30.916912078857422,22.349658966064453,29.35927391052246,73.0,15.728445053100586,29.767637252807617,3520.6298828125
1999-12-06,4.387499809265137,31.786401748657227,22.118873596191406,29.149280548095703,96.9375,15.678462028503418,30.566152572631836,3546.010009765625
1999-12-07,4.303124904632568,32.83784866333008,21.923603057861328,28.40479278564453,89.5859375,15.840877532958984,30.88556671142578,3586.919921875
1999-12-08,4.428124904632568,32.33235168457031,21.1602725982666,28.023027420043945,97.0,15.216241836547852,30.140262603759766,3586.080078125
1999-12-09,5.181250095367432,31.907716751098633,20.805221557617188,28.32843589782715,107.3125,15.703452110290527,30.58551788330078,3594.169921875
1999-12-10,5.334374904632568,32.29191207885742,20.521209716796875,28.672048568725586,115.65625,16.91525650024414,30.314495086669922,3620.239990234375
1999-12-13,5.125,32.73675537109375,21.036014556884766,29.511987686157227,113.0,15.953310012817383,32.33254623413086,3658.169921875
1999-12-14,4.78125,31.685287475585938,20.574460983276367,30.141918182373047,95.71875,15.378637313842773,32.618072509765625,3571.659912109375
1999-12-15,4.824999809265137,31.01803207397461,22.420650482177734,33.11985778808594,85.953125,18.064592361450195,32.768123626708984,3621.949951171875
1999-12-16,4.743750095367432,31.66508674621582,22.79345703125,34.72335433959961,83.375,17.902185440063477,34.01184844970703,3715.06005859375
1999-12-17,4.703125,32.2514762878418,23.308250427246094,35.200584411621094,86.96875,18.127056121826172,35.23139953613281,3753.06005859375
1999-12-20,4.849999904632568,33.404022216796875,23.02423095703125,34.437007904052734,84.75,19.251415252685547,36.14607620239258,3783.8701171875
1999-12-21,4.993750095367432,33.64667892456055,23.539033889770508,35.39147186279297,89.0,19.526254653930664,38.473854064941406,3911.14990234375
1999-12-22,4.884375095367432,33.1613883972168,23.43252182006836,35.90686798095703,88.25,21.000402450561523,37.588226318359375,3937.300048828125
1999-12-23,4.5,33.788211822509766,23.610034942626953,35.86870574951172,87.5,21.325210571289062,36.12187576293945,3969.43994140625
1999-12-27,4.056250095367432,34.03086471557617,24.160356521606445,36.38410949707031,82.0,20.862979888916016,39.756317138671875,3975.3798828125
1999-12-28,4.115624904632568,34.03086471557617,23.574520111083984,35.88778305053711,98.75,21.2127742767334,38.9481315612793,3972.110107421875
1999-12-29,4.175000190734863,34.33417510986328,23.82305335998535,36.02141571044922,101.5,21.987337112426758,51.0274658203125,4041.4599609375
1999-12-30,3.953125,34.354373931884766,23.769811630249023,35.92596435546875,102.0,22.262184143066406,50.09829330444336,4036.8701171875
1999-12-31,3.8062500953674316,34.65769577026367,23.379261016845703,35.658714294433594,105.0,22.399599075317383,54.55060577392578,4069.31005859375
2000-01-03,4.46875,34.96099853515625,24.710641860961914,35.6014518737793,104.25,23.611392974853516,55.537864685058594,4131.14990234375
2000-01-04,4.096875190734863,32.99962615966797,23.556774139404297,34.39882278442383,98.0,21.525104522705078,50.195064544677734,3901.68994140625
2000-01-05,3.487499952316284,32.89850616455078,23.752044677734375,34.76152420043945,104.25,20.388248443603516,48.452850341796875,3877.5400390625
2000-01-06,3.278125047683716,32.352577209472656,22.367393493652344,33.59707260131836,100.125,19.18894386291504,43.381103515625,3727.1298828125
2000-01-07,3.4781250953674316,34.25328063964844,23.290502548217773,34.036128997802734,105.1875,20.66309928894043,46.45901870727539,3882.6201171875
2000-01-10,3.4593749046325684,35.527156829833984,24.355615615844727,34.2842903137207,125.625,23.13667106628418,49.362674713134766,4049.669921875
2000-01-11,3.3375000953674316,34.45547866821289,25.473987579345703,33.40618133544922,119.25,22.462064743041992,44.73613739013672,3921.18994140625
2000-01-12,3.1781249046325684,33.58600616455078,25.917787551879883,32.31809997558594,115.5,21.112834930419922,42.8197135925293,3850.02001953125
2000-01-13,3.296875,34.354373931884766,25.864534378051758,32.92896270751953,113.5,21.000402450561523,44.32960891723633,3957.2099609375
2000-01-14,3.2125000953674316,34.79923629760742,29.27290153503418,34.2842903137207,113.96875,21.350200653076172,43.49724197387695,4064.27001953125
2000-01-18,3.206249952316284,36.23486328125,29.006608963012695,35.21965408325195,120.6875,22.2371826171875,43.07135772705078,4130.81005859375
2000-01-19,3.340625047683716,36.33598327636719,28.420801162719727,32.6807975769043,132.5,22.836841583251953,45.41366195678711,4151.2900390625
2000-01-20,3.237499952316284,36.3561897277832,27.160411834716797,32.375370025634766,143.9140625,23.686357498168945,48.20121383666992,4189.509765625
2000-01-21,3.1031250953674316,37.28634262084961,27.81723403930664,31.688167572021484,144.5625,23.861251831054688,47.98826599121094,4235.39990234375
2000-01-24,3.5062499046325684,35.284523010253906,28.065759658813477,30.924598693847656,141.5,21.66252326965332,43.381103515625,4096.080078125
2000-01-25,3.4625000953674316,36.27530288696289,28.846851348876953,31.40180778503418,144.5,22.562013626098633,46.14927291870117,4167.41015625
2000-01-26,3.2406249046325684,34.67790603637695,27.408952713012695,30.35189437866211,147.5,22.01231575012207,38.59968185424805,4069.909912109375
2000-01-27,3.346874952316284,34.495933532714844,27.87049102783203,30.161008834838867,149.5625,20.713064193725586,37.16721725463867,4039.56005859375
2000-01-28,3.0843749046325684,33.606239318847656,26.69886016845703,30.008289337158203,155.0,18.939083099365234,34.24416732788086,3887.070068359375
2000-01-31,3.2281250953674316,35.42606735229492,28.101261138916016,29.893774032592773,138.875,19.969745635986328,39.33528518676758,3940.35009765625
2000-02-01,3.371875047683716,38.11537170410156,28.81134796142578,31.439987182617188,132.75,21.587568283081055,42.142181396484375,4051.97998046875
2000-02-02,3.471874952316284,36.841487884521484,28.420801162719727,30.790973663330078,145.0,21.71248435974121,44.000526428222656,4073.9599609375
2000-02-03,4.209374904632568,38.11537170410156,29.601293563842773,31.64997673034668,149.0,22.661937713623047,43.110069274902344,4210.97998046875
2000-02-04,3.9281249046325684,39.18704605102539,29.761119842529297,32.54717254638672,141.96875,23.111690521240234,42.56806182861328,4244.14013671875
2000-02-07,3.75,40.50137710571289,30.666728973388672,32.566253662109375,141.125,23.961206436157227,41.32915496826172,4321.77001953125
2000-02-08,4.15625,40.70356750488281,30.915340423583984,33.57797622680664,158.4375,23.8112850189209,43.07135772705078,4427.5
2000-02-09,4.012499809265137,41.674156188964844,29.725595474243164,31.764507293701172,157.3125,23.961206436157227,41.29044723510742,4363.240234375
2000-02-10,3.809375047683716,43.97927474975586,30.577943801879883,32.375370025634766,164.6875,24.910648345947266,42.41319274902344,4485.6298828125
2000-02-11,3.809375047683716,42.36164093017578,30.08075714111328,30.52370834350586,167.875,23.861251831054688,40.88389205932617,4395.4501953125
2000-02-14,3.721874952316284,42.220096588134766,31.21721839904785,30.428251266479492,169.875,24.86067771911621,39.374000549316406,4418.5498046875
2000-02-15,3.690624952316284,41.41128921508789,31.820968627929688,30.103744506835938,171.75,24.535850524902344,39.21914291381836,4420.77001953125
2000-02-16,3.534374952316284,41.14335250854492,30.453655242919922,29.817401885986328,174.75,24.485891342163086,37.7479362487793,4427.64990234375
2000-02-17,3.450000047683716,42.220096588134766,31.25271987915039,30.428251266479492,172.5,24.635818481445312,40.26446533203125,4548.919921875
2000-02-18,3.237499952316284,40.70356750488281,29.938692092895508,29.034740447998047,160.5,23.41151237487793,41.658241271972656,4411.740234375
2000-02-22,3.1781249046325684,40.09695053100586,30.329341888427734,28.65296173095703,150.5625,23.71134376525879,40.43868637084961,4382.1201171875
2000-02-23,3.5218749046325684,44.8487548828125,30.986371994018555,28.786590576171875,154.625,25.210479736328125,45.491127014160156,4550.330078125
2000-02-24,3.421875,44.40389633178711,32.46022415161133,28.93930435180664,157.5,24.760738372802734,43.26493835449219,4617.64990234375
2000-02-25,3.456249952316284,42.948028564453125,32.17610549926758,27.889400482177734,150.0,28.233749389648438,41.36787414550781,4590.5
2000-02-28,3.2874999046325684,42.24031066894531,31.927499771118164,27.965770721435547,150.0,27.4342041015625,44.368343353271484,4577.85009765625
2000-02-29,3.4437499046325684,42.76604461669922,32.105079650878906,27.297637939453125,139.0625,29.682905197143555,44.11668395996094,4696.68994140625
2000-03-01,3.293750047683716,42.604278564453125,32.92192459106445,27.736677169799805,176.9375,28.583520889282227,43.052001953125,4784.080078125
2000-03-02,3.128124952316284,42.948028564453125,32.88640213012695,28.51934051513672,180.0625,27.38421630859375,40.9420166015625,4754.509765625
2000-03-03,3.125,44.46454620361328,33.88080596923828,29.35927391052246,188.0,29.98273468017578,40.845211029052734,4914.7900390625
2000-03-06,3.1968750953674316,44.039920806884766,33.348079681396484,27.679420471191406,225.0,30.28255271911621,41.271080017089844,4904.85009765625
2000-03-07,3.174999952316284,42.72561264038086,32.88640213012695,28.36662483215332,246.0,29.95775604248047,39.645015716552734,4847.83984375
2000-03-08,3.1812500953674316,42.82671356201172,32.655540466308594,29.187467575073242,243.875,33.23085021972656,39.99345397949219,4897.259765625
2000-03-09,3.440624952316284,45.0711784362793,33.6322021484375,30.542810440063477,283.1875,33.58065414428711,39.33528518676758,5046.85986328125
2000-03-10,3.34375,44.120819091796875,34.14714813232422,30.84823226928711,313.0,32.631195068359375,42.16155242919922,5048.6201171875
2000-03-13,3.265625,44.060157775878906,34.69764709472656,29.931955337524414,294.359375,31.481863021850586,40.32253646850586,4907.240234375
2000-03-14,3.28125,42.62451171875,33.49013900756836,29.0538387298584,292.0,30.782257080078125,38.75453567504883,4706.6298828125
2000-03-15,3.1875,41.61349105834961,34.14714813232422,29.13018226623535,268.625,31.431903839111328,39.645015716552734,4582.6201171875
2000-03-16,3.3125,42.5992431640625,35.53220748901367,29.13018226623535,248.625,32.75612258911133,41.15492248535156,4717.39013671875
2000-03-17,3.2406249046325684,43.675968170166016,36.899532318115234,30.35189437866211,226.75,31.906620025634766,42.200260162353516,4798.1298828125
2000-03-20,3.2093749046325684,43.39288330078125,38.35561752319336,29.741044998168945,86.75,31.23200798034668,40.14832305908203,4610.0
2000-03-21,3.6187500953674316,45.571632385253906,39.33226776123047,31.382728576660156,72.3125,32.256404876708984,41.69696044921875,4711.68017578125
2000-03-22,3.534374952316284,46.70903778076172,40.93040466308594,31.53545570373535,88.734375,33.60564041137695,41.77437973022461,4864.75
2000-03-23,3.3843750953674316,50.34870910644531,40.52199172973633,34.16976547241211,117.734375,34.729984283447266,44.63935470581055,4940.60986328125
2000-03-24,3.6343750953674316,51.359703063964844,39.50984191894531,34.112491607666016,129.0,34.77995681762695,45.22008514404297,4963.02978515625
2000-03-27,3.65625,51.8045539855957,40.53975296020508,31.783588409423828,113.0,35.35464096069336,46.12989044189453,4958.56005859375
2000-03-28,3.5062499046325684,50.38911437988281,38.550960540771484,31.85997200012207,98.5,34.60505294799805,47.949554443359375,4833.89013671875
2000-03-29,3.3125,49.21635055541992,37.46775436401367,32.73807144165039,96.25,32.98100662231445,48.781959533691406,4644.669921875
2000-03-30,3.325000047683716,47.6391487121582,36.08269119262695,31.573627471923828,96.0,31.356924057006836,44.982948303222656,4457.89013671875
2000-03-31,3.3499999046325684,50.02515411376953,37.48551940917969,32.45172882080078,87.0625,31.207027435302734,46.24604034423828,4572.830078125
2000-04-03,3.1781249046325684,47.19431686401367,37.112613677978516,27.755773544311523,77.125,30.732295989990234,43.59403991699219,4223.68017578125
2000-04-04,3.1968750953674316,47.315643310546875,37.71635055541992,27.04947280883789,71.25,30.35750389099121,45.41366195678711,4148.89013671875
2000-04-05,3.109375,46.6685905456543,36.899532318115234,26.3813419342041,65.375,31.281972885131836,43.7489013671875,4169.22021484375
2000-04-06,3.2125000953674316,46.466365814208984,36.88177490234375,26.266815185546875,61.0,32.8560791015625,43.09073257446289,4267.56005859375
2000-04-07,3.378124952316284,48.48839569091797,38.870574951171875,27.20218276977539,64.375,34.829933166503906,47.155879974365234,4446.4501953125
2000-04-10,3.168750047683716,46.95165252685547,37.25468063354492,26.285890579223633,57.625,32.98100662231445,43.729530334472656,4188.2001953125
2000-04-11,3.168750047683716,45.293601989746094,37.14814376831055,25.617780685424805,49.875,30.932170867919922,42.56806182861328,4055.89990234375
2000-04-12,2.8187499046325684,42.05833435058594,34.62660217285156,24.24333953857422,42.5,29.233154296875,38.75453567504883,3769.6298828125
2000-04-13,2.4000000953674316,39.551021575927734,34.41350555419922,24.205158233642578,39.0625,28.758432388305664,39.180419921875,3676.780029296875
2000-04-14,2.34375,36.881919860839844,31.394790649414062,22.639848709106445,33.5625,24.98560905456543,32.57937240600586,3321.2900390625
2000-04-17,2.3531250953674316,43.02890396118164,34.946231842041016,23.174346923828125,30.625,29.90776824951172,36.199310302734375,3539.159912109375
2000-04-18,2.746875047683716,44.808311462402344,36.65092086791992,24.60604476928711,35.4375,31.556835174560547,34.74745178222656,3793.570068359375
2000-04-19,2.671875,42.786258697509766,33.82752990722656,24.03336524963379,35.375,29.807828903198242,35.54113006591797,3706.409912109375
2000-04-20,2.6187500953674316,42.13922119140625,32.779842376708984,24.10973358154297,33.6875,28.308687210083008,33.91506576538086,3643.8798828125
2000-04-24,2.4906249046325684,41.04730987548828,32.99290466308594,20.349149703979492,29.5,28.95831298828125,30.856531143188477,3482.47998046875
2000-04-25,2.621875047683716,42.705387115478516,35.51445388793945,21.18907356262207,31.375,30.20758628845215,32.50193786621094,3711.22998046875
2000-04-26,2.674999952316284,43.1906852722168,34.3247184753418,20.769107818603516,29.6875,28.858360290527344,30.12091636657715,3630.090087890625
2000-04-27,2.643749952316284,44.64653396606445,35.603248596191406,21.322689056396484,24.625,30.907182693481445,32.05670928955078,3774.030029296875
2000-04-28,2.7593750953674316,44.858856201171875,36.029415130615234,21.303600311279297,25.875,31.956594467163086,33.58599090576172,3860.659912109375
2000-05-01,2.996875047683716,46.22372817993164,36.11821746826172,22.429872512817383,26.625,31.856639862060547,33.992496490478516,3958.080078125
2000-05-02,2.8062500953674316,43.99948501586914,34.4312629699707,21.34178352355957,25.5625,31.107084274291992,35.21205139160156,3785.449951171875
2000-05-03,2.706249952316284,42.74583435058594,33.835899353027344,21.55176544189453,24.75,30.307546615600586,34.36030197143555,3707.31005859375
2000-05-04,2.753124952316284,41.168636322021484,33.97800064086914,21.513586044311523,26.125,29.682905197143555,33.04397964477539,3720.239990234375
2000-05-05,2.924999952316284,43.83771896362305,35.061458587646484,21.72356414794922,25.0,30.707304000854492,33.992496490478516,3816.820068359375
2000-05-08,2.800781011581421,40.60246276855469,33.427398681640625,21.322689056396484,23.0,28.908342361450195,31.90184211730957,3669.3798828125
2000-05-09,2.8125,40.60246276855469,33.23201370239258,20.711833953857422,21.5,28.78343391418457,32.52130126953125,3585.010009765625
2000-05-10,2.6656250953674316,37.85249710083008,30.1414852142334,20.215505599975586,20.0,27.034433364868164,30.140262603759766,3384.72998046875
2000-05-11,2.7437500953674316,38.984832763671875,32.841251373291016,20.73093032836914,19.953125,28.93333625793457,30.759740829467773,3499.580078125
2000-05-12,2.6875,38.78263473510742,32.681396484375,21.01727294921875,23.875,29.657913208007812,30.35321617126465,3529.06005859375
2000-05-15,2.8031249046325684,38.82307815551758,33.569480895996094,21.18907356262207,23.25,30.782257080078125,32.3083610534668,3607.64990234375
2000-05-16,2.953125,39.18704605102539,34.635169982910156,21.227243423461914,24.0,31.656770706176758,33.66340637207031,3717.570068359375
2000-05-17,3.049999952316284,37.52897262573242,35.00815963745117,20.673656463623047,25.5,31.257001876831055,31.950260162353516,3644.9599609375
2000-05-18,2.768749952316284,35.83047103881836,35.221309661865234,20.215505599975586,23.9375,29.20817756652832,30.024127960205078,3538.7099609375
2000-05-19,2.6312499046325684,34.57680892944336,33.49842071533203,19.871912002563477,21.875,28.00887107849121,27.623750686645508,3390.39990234375
2000-05-22,2.59375,35.749595642089844,33.64052963256836,19.604663848876953,21.0,27.109386444091797,27.391448974609375,3364.2099609375
2000-05-23,2.3343749046325684,32.706424713134766,31.224939346313477,19.299230575561523,21.25,25.035579681396484,24.58455467224121,3164.550048828125
2000-05-24,2.4281249046325684,35.6687126159668,33.35633850097656,20.02462387084961,18.8125,25.685209274291992,23.77153205871582,3270.610107421875
2000-05-25,2.2750000953674316,35.26430130004883,32.73467254638672,18.78382110595703,17.3125,26.5596981048584,21.371135711669922,3205.35009765625
2000-05-26,2.325000047683716,35.547386169433594,33.40963363647461,18.764734268188477,17.9375,26.784576416015625,20.461320877075195,3205.110107421875
2000-05-30,2.5875000953674316,38.7421875,35.73639678955078,19.356496810913086,19.0,29.657913208007812,23.655372619628906,3459.47998046875
2000-05-31,2.4156250953674316,36.841487884521484,35.43446350097656,19.108341217041016,19.0625,28.73343849182129,20.558116912841797,3400.909912109375
2000-06-01,2.5093750953674316,39.42969512939453,36.85537338256836,19.719202041625977,19.3125,31.13207244873047,21.371135711669922,3582.5
2000-06-02,2.893749952316284,41.65394592285156,38.13420867919922,20.253690719604492,22.625,32.05653381347656,22.51325225830078,3813.3798828125
2000-06-05,2.7249999046325684,40.926002502441406,37.67240905761719,20.425493240356445,24.1875,32.35636901855469,20.829120635986328,3821.760009765625
2000-06-06,2.528125047683716,39.672340393066406,36.81986618041992,21.265430450439453,28.0,30.80723762512207,21.332427978515625,3756.3701171875
2000-06-07,2.590625047683716,40.683349609375,36.642234802246094,21.532672882080078,37.625,31.9815616607666,23.132705688476562,3839.260009765625
2000-06-08,2.59375,41.209083557128906,35.860721588134766,21.01727294921875,44.125,32.93103790283203,23.98444175720215,3825.56005859375
2000-06-09,2.609375,41.65394592285156,36.10939407348633,21.01727294921875,62.25,33.05595779418945,24.487762451171875,3874.840087890625
2000-06-12,2.421875,40.19806671142578,35.54102325439453,20.425493240356445,38.9375,32.20643997192383,25.300792694091797,3767.909912109375
2000-06-13,2.450000047683716,42.05833435058594,37.370460510253906,20.73093032836914,42.8125,32.65619659423828,25.204010009765625,3851.06005859375
2000-06-14,2.3218750953674316,42.179656982421875,35.931739807128906,21.532672882080078,42.25,31.581811904907227,21.83572769165039,3797.409912109375
2000-06-15,2.315624952316284,43.02890396118164,36.446868896484375,22.105348587036133,39.3125,32.98100662231445,19.028825759887695,3845.739990234375
2000-06-16,2.299999952316284,43.878177642822266,35.82521438598633,22.162616729736328,38.5625,32.731136322021484,20.364524841308594,3860.56005859375
2000-06-19,2.265625,44.6060905456543,38.79139709472656,22.506229400634766,42.4375,34.38019561767578,20.19029998779297,3989.830078125
2000-06-20,2.3062500953674316,43.43332290649414,39.306495666503906,22.88800621032715,41.0,34.398948669433594,19.493425369262695,4013.360107421875
2000-06-21,2.3031249046325684,43.635536193847656,39.50187683105469,24.64422607421875,39.25,34.45515060424805,19.977365493774414,4064.010009765625
2000-06-22,2.0999999046325684,41.77524948120117,38.09868240356445,24.39606285095215,35.625,32.58122634887695,21.138843536376953,3936.840087890625
2000-06-23,1.693750023841858,40.52159118652344,38.1875,23.72793197631836,33.625,31.781681060791016,20.558116912841797,3845.340087890625
2000-06-26,1.696874976158142,40.64292526245117,38.13420867919922,24.28152847290039,38.25,33.05595779418945,20.054800033569336,3912.1201171875
2000-06-27,1.8250000476837158,40.2789421081543,37.33493423461914,24.071548461914062,33.375,32.881046295166016,19.725717544555664,3858.9599609375
2000-06-28,1.8937499523162842,41.12820053100586,37.6191291809082,24.10973358154297,33.375,33.155906677246094,19.687000274658203,3940.340087890625
2000-06-29,1.8562500476837158,39.591461181640625,37.44150161743164,23.575223922729492,32.625,32.33137512207031,19.048192977905273,3877.22998046875
2000-06-30,1.8156249523162842,41.12820053100586,37.992130279541016,24.43424415588379,30.0,33.60564041137695,18.583608627319336,3966.110107421875
2000-07-03,1.850000023841858,41.81569290161133,38.89796447753906,24.43424415588379,29.0625,32.05653381347656,18.661033630371094,3991.929931640625
2000-07-05,1.8250000476837158,40.03630447387695,37.40599060058594,23.976099014282227,27.375,28.908342361450195,18.099655151367188,3863.10009765625
2000-07-06,1.803125023841858,41.896583557128906,38.8269157409668,24.7205867767334,31.375,30.232580184936523,19.106260299682617,3960.570068359375
2000-07-07,1.806249976158142,42.30097961425781,39.590660095214844,25.04511260986328,32.5,30.332515716552734,17.538267135620117,4023.199951171875
2000-07-10,1.7531249523162842,40.845130920410156,39.164390563964844,24.2624454498291,29.0,29.632923126220703,16.996248245239258,3980.2900390625
2000-07-11,1.65625,40.19806671142578,39.44859313964844,24.1669864654541,28.8125,28.908342361450195,16.41551399230957,3956.419921875
2000-07-12,1.7531249523162842,41.33041000366211,40.12351989746094,24.52968978881836,32.5,29.857807159423828,18.89333152770996,4099.58984375
2000-07-13,1.75,42.220096588134766,40.69188690185547,24.415149688720703,31.875,30.28255271911621,19.20305633544922,4174.85986328125
2000-07-14,2.1312499046325684,44.1612548828125,41.686553955078125,24.10973358154297,32.875,30.432483673095703,19.532135009765625,4246.18017578125
2000-07-17,2.0562500953674316,45.05094909667969,41.57997131347656,23.88065528869629,35.75,30.432483673095703,21.62278938293457,4274.669921875
2000-07-18,2.0875000953674316,43.51420211791992,40.63861846923828,23.976099014282227,34.75,29.657913208007812,20.17094612121582,4177.169921875
2000-07-19,2.043750047683716,43.23112487792969,39.253211975097656,22.334423065185547,33.5,29.483009338378906,19.51277732849121,4055.6298828125
2000-07-20,2.015625,44.970062255859375,40.54978561401367,22.849828720092773,32.375,31.23200798034668,19.532135009765625,4184.56005859375
2000-07-21,2.0562500953674316,44.08037567138672,39.270973205566406,22.086259841918945,30.0,30.157623291015625,19.454702377319336,4094.449951171875
2000-07-24,1.9375,42.74583435058594,39.21766662597656,21.55176544189453,28.1875,29.98273468017578,19.706356048583984,3981.570068359375
2000-07-25,1.881250023841858,44.08037567138672,40.03471374511719,21.074533462524414,28.984375,30.38249969482422,21.177562713623047,4029.570068359375
2000-07-26,1.803125023841858,44.363468170166016,39.50187683105469,20.711833953857422,30.0,30.682329177856445,21.274341583251953,3987.719970703125
2000-07-27,1.568750023841858,43.99948501586914,38.93349838256836,21.18907356262207,23.75,30.007715225219727,20.30645179748535,3842.22998046875
2000-07-28,1.5,40.64292526245117,36.695526123046875,21.284515380859375,22.375,28.93333625793457,19.33856964111328,3663.0
2000-07-31,1.506250023841858,42.3414306640625,37.938838958740234,21.322689056396484,22.1875,30.05768394470215,20.112876892089844,3766.989990234375
2000-08-01,1.5125000476837158,40.88555145263672,36.731056213378906,20.979084014892578,20.3125,29.233154296875,19.493425369262695,3685.52001953125
2000-08-02,1.540624976158142,39.42969512939453,35.98506164550781,21.18907356262207,21.75,29.233154296875,19.183691024780273,3658.4599609375
2000-08-03,1.5750000476837158,41.65394592285156,36.991390228271484,21.456314086914062,21.1875,30.95716667175293,19.899944305419922,3759.8798828125
2000-08-04,1.625,42.422306060791016,35.57002639770508,21.112707138061523,22.1875,32.60621643066406,19.822507858276367,3787.360107421875
2000-08-07,1.6906249523162842,42.867149353027344,35.78322982788086,21.379953384399414,22.1875,32.731136322021484,19.687000274658203,3862.989990234375
2000-08-08,1.646875023841858,42.38186264038086,35.03700256347656,22.639848709106445,21.75,33.180877685546875,18.912687301635742,3848.550048828125
2000-08-09,1.5437500476837158,43.878177642822266,36.13858413696289,22.678030014038086,21.8125,32.53125762939453,19.028825759887695,3853.5
2000-08-10,1.521875023841858,41.00688934326172,35.25020980834961,22.181705474853516,20.8125,32.006568908691406,19.028825759887695,3759.989990234375
2000-08-11,1.6843750476837158,41.61349105834961,36.28071975708008,22.12444496154785,20.25,32.431312561035156,19.086904525756836,3789.469970703125
2000-08-14,1.743749976158142,41.73480987548828,38.05742645263672,22.048080444335938,20.75,32.93103790283203,19.396629333496094,3849.68994140625
2000-08-15,1.8781249523162842,40.88555145263672,38.59043502807617,21.87627601623535,21.0,32.481292724609375,19.009469985961914,3851.659912109375
2000-08-16,1.931249976158142,40.804656982421875,38.69705581665039,21.68538475036621,20.8125,32.456295013427734,18.73846435546875,3861.199951171875
2000-08-17,1.912500023841858,41.04730987548828,39.83415222167969,21.857192993164062,20.25,33.555667877197266,18.757822036743164,3940.8701171875
2000-08-18,1.9500000476837158,41.0877571105957,40.11842346191406,21.68538475036621,21.0,32.50627517700195,18.506162643432617,3930.340087890625
2000-08-21,1.875,42.38186264038086,40.971248626708984,21.57085609436035,29.5625,33.2558479309082,18.273868560791016,3953.14990234375
2000-08-22,1.8250000476837158,41.93701934814453,41.00678634643555,21.761741638183594,25.546875,33.40576171875,17.538267135620117,3958.2099609375
2000-08-23,1.9406249523162842,43.4737548828125,42.42816162109375,21.609027862548828,26.125,33.13090515136719,17.48020362854004,4011.010009765625
2000-08-24,1.96875,43.02890396118164,42.214962005615234,21.72356414794922,27.375,33.855506896972656,18.77717399597168,4053.280029296875
2000-08-25,1.9968750476837158,42.38186264038086,41.46873092651367,21.57085609436035,26.875,33.83051300048828,18.23515510559082,4042.679931640625
2000-08-28,1.9562499523162842,42.74583435058594,42.00176239013672,21.78083610534668,27.5,34.68003463745117,18.3900203704834,4070.590087890625
2000-08-29,1.9812500476837158,43.06937026977539,42.10835647583008,21.666297912597656,28.125,35.079795837402344,18.661033630371094,4082.169921875
2000-08-30,2.1468749046325684,43.06937026977539,41.7885627746582,21.379953384399414,28.1875,35.2796630859375,18.060937881469727,4103.81005859375
2000-08-31,2.075000047683716,44.40389633178711,42.57030487060547,21.322689056396484,27.875,36.35404968261719,18.544883728027344,4206.35009765625
2000-09-01,2.075000047683716,44.363468170166016,42.03729248046875,21.43722915649414,31.375,37.0286865234375,18.35130500793457,4234.330078125
2000-09-05,2.284374952316284,42.705387115478516,39.372215270996094,21.418134689331055,34.921875,36.40403747558594,18.3900203704834,4143.18017578125
2000-09-06,2.293750047683716,41.57304763793945,37.355613708496094,21.20815658569336,32.8125,35.679439544677734,19.144981384277344,4013.340087890625
2000-09-07,2.174999952316284,42.867149353027344,38.34170913696289,21.399057388305664,33.25,36.45398712158203,19.861223220825195,4098.35009765625
2000-09-08,2.1468749046325684,41.33041000366211,37.1690673828125,21.169981002807617,33.75,34.60505294799805,19.067541122436523,3978.409912109375
2000-09-11,2.1187500953674316,39.591461181640625,36.7781982421875,21.01727294921875,31.8125,33.35578536987305,18.00286102294922,3896.35009765625
2000-09-12,2.1343750953674316,38.09515380859375,36.920326232910156,20.807283401489258,29.5,31.731731414794922,19.028825759887695,3849.510009765625
2000-09-13,2.121875047683716,39.672340393066406,34.82379150390625,20.845449447631836,31.0,32.7061653137207,19.822507858276367,3893.889892578125
2000-09-14,2.2437500953674316,39.63188934326172,33.899879455566406,20.100982666015625,29.625,33.955440521240234,19.396629333496094,3913.860107421875
2000-09-15,2.1812500953674316,40.60246276855469,32.70060348510742,19.604663848876953,29.3125,31.306961059570312,20.51938819885254,3835.22998046875
2000-09-18,2.140625,38.863525390625,31.73228645324707,19.241960525512695,26.375,30.569896697998047,21.62278938293457,3726.52001953125
2000-09-19,2.0374999046325684,40.1171760559082,34.326316833496094,19.852819442749023,27.8125,31.70672035217285,24.003814697265625,3865.639892578125
2000-09-20,1.875,40.845130920410156,35.85429763793945,19.62375259399414,27.0,31.956594467163086,23.2440242767334,3897.43994140625
2000-09-21,2.003124952316284,39.551021575927734,34.9570426940918,19.604663848876953,26.875,31.556835174560547,22.28095817565918,3828.8701171875
2000-09-22,2.0718750953674316,39.02528381347656,27.254955291748047,19.31832504272461,26.375,32.275142669677734,22.610042572021484,3803.760009765625
2000-09-25,2.018749952316284,37.00324630737305,25.798032760620117,18.707462310791016,26.0625,31.481863021850586,21.680864334106445,3741.219970703125
2000-09-26,1.9874999523162842,35.70915222167969,24.625398635864258,19.146509170532227,23.625,31.75670051574707,22.726192474365234,3689.10009765625
2000-09-27,1.8937499523162842,37.0841178894043,24.945207595825195,18.516571044921875,24.25,31.931598663330078,22.571338653564453,3656.300048828125
2000-09-28,2.0,38.4591178894043,25.265016555786133,18.726558685302734,27.75,32.574981689453125,23.171422958374023,3778.320068359375
2000-09-29,1.921875,35.749595642089844,23.630434036254883,18.42112922668457,27.3125,31.481863021850586,22.068035125732422,3672.820068359375
2000-10-02,1.7937500476837158,35.91135025024414,22.813138961791992,18.05843734741211,27.25,31.481863021850586,22.087383270263672,3568.89990234375
2000-10-03,1.7531249523162842,36.39664077758789,22.919742584228516,17.27577781677246,25.9375,27.783994674682617,22.45517349243164,3455.830078125
2000-10-04,1.7999999523162842,37.89293670654297,23.879165649414062,16.932161331176758,27.5,27.23430633544922,24.2941837310791,3523.10009765625
2000-10-05,1.678125023841858,37.24589538574219,23.31061363220215,16.913076400756836,28.0,27.30927085876465,25.668590545654297,3472.10009765625
2000-10-06,1.578125,36.3561897277832,22.70653533935547,16.970335006713867,25.4375,27.034433364868164,24.10060691833496,3361.010009765625
2000-10-09,1.5031249523162842,34.73857879638672,22.209047317504883,16.550371170043945,25.5625,26.68462371826172,24.58455467224121,3355.56005859375
2000-10-10,1.521875023841858,33.08050537109375,21.356210708618164,16.6649112701416,24.0625,25.83511734008789,24.681337356567383,3240.5400390625
2000-10-11,1.390625,33.120948791503906,20.112512588500977,17.02760887145996,21.5,24.885656356811523,21.83572769165039,3168.489990234375
2000-10-12,1.256250023841858,32.23124694824219,21.107481002807617,16.607646942138672,19.875,25.185495376586914,19.93864631652832,3074.679931640625
2000-10-13,1.421875,36.27530288696289,22.955278396606445,16.416751861572266,21.9375,28.483585357666016,21.6615047454834,3316.77001953125
2000-10-16,1.2156250476837158,35.26430130004883,20.290191650390625,15.3859281539917,21.5,27.634082794189453,23.84895896911621,3290.280029296875
2000-10-17,1.0968749523162842,35.304744720458984,20.57447052001953,15.40502643585205,24.0625,26.93448829650879,22.977848052978516,3213.9599609375
2000-10-18,1.256250023841858,33.808433532714844,21.71156883239746,15.805896759033203,21.875,26.83454132080078,23.171422958374023,3171.56005859375
2000-10-19,1.3875000476837158,37.69074249267578,23.84364128112793,18.898365020751953,25.4375,29.08323860168457,23.84895896911621,3418.60009765625
2000-10-20,1.540624976158142,37.0841178894043,24.48324966430664,19.91008758544922,24.1875,28.183757781982422,23.152063369750977,3483.139892578125
2000-10-23,1.5,36.15399169921875,24.625398635864258,18.974714279174805,24.5625,27.23430633544922,22.803617477416992,3468.68994140625
2000-10-24,1.478124976158142,35.50693893432617,23.879165649414062,18.78382110595703,24.75,28.63351058959961,21.99058723449707,3419.7900390625
2000-10-25,1.59375,32.75697708129883,23.4882869720459,18.707462310791016,24.5625,27.484161376953125,20.364524841308594,3229.570068359375
2000-10-26,1.84375,34.65769577026367,25.40715789794922,19.681013107299805,23.0,27.23430633544922,22.242252349853516,3272.179931640625
2000-10-27,1.78125,32.79741287231445,26.3665828704834,20.673656463623047,24.375,27.33426856994629,23.190784454345703,3278.360107421875
2000-10-30,1.6437499523162842,31.09889793395996,25.584827423095703,21.09362030029297,23.5,25.285430908203125,21.100130081176758,3191.39990234375
2000-10-31,1.8312499523162842,34.85988998413086,25.584827423095703,21.036357879638672,23.9375,26.38479995727539,20.16610336303711,3369.6298828125
2000-11-01,1.868749976158142,33.727561950683594,25.513755798339844,21.265430450439453,23.015625,25.085556030273438,19.048192977905273,3333.389892578125
2000-11-02,1.9874999523162842,36.073116302490234,26.544248580932617,21.475414276123047,23.9375,23.636388778686523,19.454702377319336,3429.02001953125
2000-11-03,1.8781249523162842,36.720157623291016,26.12903594970703,20.845449447631836,24.25,24.236040115356445,21.83572769165039,3451.580078125
2000-11-06,1.828125,35.6687126159668,26.484535217285156,21.227243423461914,23.25,22.33713722229004,21.8550968170166,3416.2099609375
2000-11-07,1.8468749523162842,36.720157623291016,26.271242141723633,21.532672882080078,24.0,21.237768173217773,22.84234046936035,3415.7900390625
2000-11-08,1.693750023841858,33.727561950683594,24.280447006225586,21.20815658569336,22.5,19.838579177856445,21.3904972076416,3231.699951171875
2000-11-09,1.5625,34.45547866821289,23.533910751342773,21.647201538085938,22.0,21.737483978271484,22.51325225830078,3200.35009765625
2000-11-10,1.5031249523162842,32.39298629760742,21.045434951782227,20.578216552734375,21.375,20.338281631469727,22.900409698486328,3028.989990234375
2000-11-13,1.390625,32.5952033996582,21.720870971679688,20.2918758392334,21.3125,19.788602828979492,23.24886131286621,2966.719970703125
2000-11-14,1.446874976158142,34.374595642089844,23.285066604614258,21.01727294921875,22.9375,22.686927795410156,24.8942813873291,3138.27001953125
2000-11-15,1.475000023841858,34.65769577026367,23.605003356933594,21.399057388305664,21.75,23.086700439453125,26.075115203857422,3165.489990234375
2000-11-16,1.390625,33.04007339477539,22.751815795898438,21.05544090270996,20.0,21.887392044067383,27.27530288696289,3031.8798828125
2000-11-17,1.3718750476837158,34.13195037841797,23.605003356933594,21.09362030029297,19.75,23.0367374420166,27.50759506225586,3027.18994140625
2000-11-20,1.290624976158142,33.1613883972168,23.391708374023438,20.52094841003418,18.125,19.788602828979492,26.21062469482422,2875.639892578125
2000-11-21,1.212499976158142,34.73857879638672,24.24490737915039,20.692737579345703,16.625,19.089012145996094,27.101083755493164,2871.449951171875
2000-11-22,1.259374976158142,32.71653747558594,23.427257537841797,20.845449447631836,15.5,17.839719772338867,24.44904327392578,2755.340087890625
2000-11-24,1.446874976158142,34.091522216796875,24.99144172668457,21.360868453979492,16.875,19.28888702392578,26.171905517578125,2904.3798828125
2000-11-27,1.399999976158142,33.1613883972168,24.99144172668457,21.58993911743164,15.625,18.489349365234375,27.701175689697266,2880.489990234375
2000-11-28,1.2515629529953003,32.99962615966797,23.907182693481445,20.46367835998535,13.875,18.11457061767578,25.852500915527344,2734.97998046875
2000-11-29,1.3468749523162842,33.44447326660156,24.31599998474121,19.871912002563477,12.734375,18.289466857910156,25.59116554260254,2706.929931640625
2000-11-30,1.234375,30.977588653564453,21.64977264404297,17.52393341064453,9.25,21.187789916992188,24.85556411743164,2597.929931640625
2000-12-01,1.2312500476837158,31.38198471069336,19.410140991210938,17.29485511779785,12.0625,21.137819290161133,25.70730972290039,2645.2900390625
2000-12-04,1.328125,29.643041610717773,18.734691619873047,17.237592697143555,11.0,22.537015914916992,27.875402450561523,2615.75
2000-12-05,1.2687499523162842,33.727561950683594,20.47663688659668,18.287504196166992,13.5,25.185495376586914,30.856531143188477,2889.800048828125
2000-12-06,1.181249976158142,33.28271484375,18.059253692626953,17.313949584960938,13.09375,24.136093139648438,30.779088973999023,2796.5
2000-12-07,1.068750023841858,32.3121337890625,18.37920379638672,16.22586441040039,11.1875,22.6369571685791,32.34707260131836,2752.659912109375
2000-12-08,1.171875,33.88931655883789,19.339040756225586,16.626731872558594,13.25,24.036163330078125,31.979267120361328,2917.429931640625
2000-12-11,1.265625,35.46650695800781,21.294275283813477,17.733905792236328,15.6875,25.53528594970703,30.817787170410156,3015.10009765625
2000-12-12,1.2937500476837158,35.18342590332031,20.761035919189453,17.829357147216797,15.75,24.585834503173828,27.81731605529785,2931.77001953125
2000-12-13,1.1875,33.08050537109375,20.19223403930664,17.485759735107422,14.625,22.686927795410156,28.281919479370117,2822.77001953125
2000-12-14,1.134374976158142,32.95918273925781,19.978944778442383,16.951257705688477,15.375,21.987337112426758,27.27530288696289,2728.510009765625
2000-12-15,1.1437499523162842,31.16968536376953,18.450298309326172,15.023240089416504,14.0,22.836841583251953,24.642627716064453,2653.27001953125
2000-12-18,0.9937499761581421,27.782772064208984,18.912443161010742,14.603270530700684,12.0625,25.585264205932617,26.462276458740234,2624.52001953125
2000-12-19,0.9125000238418579,27.014387130737305,19.01909637451172,13.686992645263672,11.0,24.485891342163086,25.84282112121582,2511.7099609375
2000-12-20,0.8343750238418579,23.617382049560547,18.165908813476562,12.675263404846191,10.0,22.786880493164062,23.887670516967773,2332.780029296875
2000-12-21,0.7593749761581421,25.154123306274414,18.841346740722656,13.26702880859375,9.8125,23.58641242980957,23.481155395507812,2340.1201171875
2000-12-22,0.778124988079071,26.852628707885742,18.734691619873047,14.18331241607666,10.5,25.485321044921875,26.32677459716797,2517.02001953125
2000-12-26,0.846875011920929,26.367341995239258,18.699146270751953,14.316937446594238,9.75,24.73575210571289,25.958965301513672,2493.52001953125
2000-12-27,0.84375,26.367341995239258,18.52140235900879,14.18331241607666,9.6875,24.535850524902344,27.836692810058594,2539.35009765625
2000-12-28,0.8687499761581421,25.598970413208008,17.597110748291016,13.610636711120605,10.0,24.835693359375,27.681835174560547,2557.760009765625
2000-12-29,0.778124988079071,24.749723434448242,17.099409103393555,13.247942924499512,9.5,23.236610412597656,25.455659866333008,2470.52001953125
2001-01-02,0.6937500238418579,21.55489730834961,17.668212890625,13.247942924499512,9.5,21.087852478027344,21.951879501342773,2291.860107421875
2001-01-03,0.878125011920929,26.731313705444336,19.47234535217285,14.641448974609375,10.9375,25.585264205932617,26.03639793395996,2616.68994140625
2001-01-04,0.7749999761581421,27.095277786254883,19.22350311279297,14.794173240661621,10.5625,26.035009384155273,24.44904327392578,2566.830078125
2001-01-05,0.7281249761581421,23.698259353637695,18.237001419067383,15.004144668579102,9.5625,24.08612632751465,22.629411697387695,2407.64990234375
2001-01-08,0.746874988079071,23.647705078125,18.165908813476562,14.946887016296387,9.5,23.93620491027832,24.119970321655273,2395.919921875
2001-01-09,0.8187500238418579,24.021785736083984,18.34365463256836,15.82498836517334,9.875,25.185495376586914,22.687484741210938,2441.300048828125
2001-01-10,0.824999988079071,23.455610275268555,18.770240783691406,16.149507522583008,11.625,26.18490982055664,22.43582534790039,2524.179931640625
2001-01-11,0.8500000238418579,25.315885543823242,18.983539581298828,16.79853630065918,14.0625,26.634660720825195,21.8550968170166,2640.570068359375
2001-01-12,0.8843749761581421,24.628393173217773,18.27254867553711,16.34039878845215,15.0,25.83511734008789,22.242252349853516,2626.5
2001-01-16,0.903124988079071,24.911474227905273,17.8459529876709,16.054058074951172,13.8125,25.435344696044922,21.971237182617188,2618.550048828125
2001-01-17,0.918749988079071,25.23499298095703,17.34825325012207,16.168598175048828,14.875,26.58468246459961,22.610042572021484,2682.780029296875
2001-01-18,0.9750000238418579,27.095277786254883,18.3080997467041,16.951257705688477,14.6875,27.034433364868164,22.629411697387695,2768.489990234375
2001-01-19,0.996874988079071,26.12470817565918,19.090190887451172,18.631118774414062,14.5625,27.634082794189453,21.797019958496094,2770.3798828125
2001-01-22,0.925000011920929,26.812185287475586,18.983539581298828,18.363861083984375,15.8125,25.435344696044922,23.365007400512695,2757.909912109375
2001-01-23,0.947655975818634,27.58055305480957,20.121131896972656,18.497482299804688,16.0,25.172998428344727,24.042531967163086,2840.389892578125
2001-01-24,1.09375,27.540119171142578,20.618833541870117,19.222875595092773,15.8125,24.036163330078125,22.997203826904297,2859.14990234375
2001-01-25,0.949999988079071,25.437213897705078,19.623435974121094,18.879274368286133,15.25,23.93620491027832,22.900409698486328,2754.280029296875
2001-01-26,0.9750000238418579,24.830608367919922,20.405527114868164,19.547393798828125,15.5,24.286014556884766,25.08786392211914,2781.300048828125
2001-01-29,1.006250023841858,24.102670669555664,21.08098602294922,19.700103759765625,15.375,24.33597755432129,26.888151168823242,2838.340087890625
2001-01-30,0.9468749761581421,24.58795166015625,21.045434951782227,19.356496810913086,16.8125,24.236040115356445,26.539703369140625,2838.35009765625
2001-01-31,0.8656250238418579,24.223981857299805,21.045434951782227,18.650197982788086,16.8125,23.28658676147461,26.03639793395996,2772.72998046875
2001-02-01,0.8125,24.749723434448242,21.507572174072266,19.051071166992188,17.0625,24.036163330078125,26.404199600219727,2782.7900390625
2001-02-02,0.71875,22.970325469970703,20.29888916015625,18.573843002319336,15.875,22.18721580505371,26.888151168823242,2660.5
2001-02-05,0.721875011920929,22.36371421813965,19.741161346435547,18.917448043823242,16.125,21.987337112426758,26.77199935913086,2643.2099609375
2001-02-06,0.7906249761581421,23.1320858001709,20.16798973083496,19.108341217041016,16.9375,22.087276458740234,25.687959671020508,2664.489990234375
2001-02-07,0.75,20.09903335571289,19.883434295654297,19.75737190246582,13.375,22.137252807617188,26.830068588256836,2607.820068359375
2001-02-08,0.71875,19.41153907775879,19.705589294433594,19.012893676757812,11.8125,21.687503814697266,26.249340057373047,2562.06005859375
2001-02-09,0.668749988079071,18.23875617980957,19.065340042114258,18.05843734741211,10.25,18.83914566040039,24.507129669189453,2470.969970703125
2001-02-12,0.7250000238418579,19.12845802307129,19.67001724243164,17.943891525268555,10.375,18.389402389526367,25.668590545654297,2489.659912109375
2001-02-13,0.6875,18.440959930419922,18.460641860961914,17.772092819213867,10.6875,18.03960609436035,24.93299674987793,2427.719970703125
2001-02-14,0.721875011920929,19.00713348388672,19.421024322509766,17.829357147216797,10.515625,19.988487243652344,25.82345962524414,2491.39990234375
2001-02-15,0.7250000238418579,19.937274932861328,20.38140869140625,17.962982177734375,11.0625,20.388248443603516,26.520336151123047,2552.909912109375
2001-02-16,0.684374988079071,18.279199600219727,19.563302993774414,17.504838943481445,10.25,19.18894386291504,24.971717834472656,2425.3798828125
2001-02-20,0.625,16.863780975341797,17.891538619995117,17.0657901763916,10.125,18.489349365234375,23.38920021057129,2318.35009765625
2001-02-21,0.596875011920929,16.257165908813477,17.50026512145996,17.18033218383789,9.5,18.389402389526367,22.068035125732422,2268.93994140625
2001-02-22,0.596875011920929,17.106426239013672,17.073429107666016,16.85580825805664,9.0625,18.689233779907227,20.732330322265625,2244.9599609375
2001-02-23,0.590624988079071,17.47038459777832,17.03785514831543,17.333040237426758,9.5,17.589868545532227,19.144981384277344,2262.510009765625
2001-02-26,0.596875011920929,16.863780975341797,16.78887367248535,18.192054748535156,10.4375,18.53931999206543,19.532135009765625,2308.5
2001-02-27,0.5874999761581421,15.529232025146484,16.504316329956055,18.134788513183594,9.375,17.340017318725586,17.228534698486328,2207.820068359375
2001-02-28,0.5093749761581421,15.327031135559082,16.255332946777344,18.02025032043457,8.96875,15.19124984741211,16.976890563964844,2151.830078125
2001-03-01,0.5218750238418579,15.852755546569824,16.575454711914062,18.130016326904297,8.8125,17.090166091918945,18.95140266418457,2183.3701171875
2001-03-02,0.5,14.356451988220215,16.68216323852539,17.313949584960938,8.6875,13.492225646972656,18.73846435546875,2117.6298828125
2001-03-05,0.6312500238418579,14.932737350463867,17.286842346191406,17.54302406311035,9.125,13.59217357635498,19.493425369262695,2142.919921875
2001-03-06,0.59375,15.529232025146484,17.927099227905273,18.15387725830078,9.03125,14.091878890991211,18.293230056762695,2204.429931640625
2001-03-07,0.612500011920929,15.529232025146484,18.74520492553711,18.535661697387695,9.0,14.8914213180542,17.848007202148438,2223.919921875
2001-03-08,0.5843750238418579,14.760855674743652,18.923049926757812,18.09661293029785,8.03125,13.99194049835205,17.731855392456055,2168.72998046875
2001-03-09,0.612500011920929,13.34543514251709,16.7533016204834,17.313949584960938,6.9375,13.09245491027832,16.08642578125,2052.780029296875
2001-03-12,0.53125,12.17265510559082,15.792923927307129,15.863162994384766,5.734375,12.143007278442383,14.886229515075684,1923.3800048828125
2001-03-13,0.550000011920929,13.830724716186523,16.71773338317871,16.550371170043945,5.96875,13.542195320129395,16.357444763183594,2014.780029296875
2001-03-14,0.53125,13.102791786193848,16.539884567260742,16.49311065673828,5.25,12.842604637145996,15.89284610748291,1972.0899658203125
2001-03-15,0.543749988079071,13.143230438232422,16.219762802124023,16.397668838500977,5.5625,11.743234634399414,16.163854598999023,1940.7099609375
2001-03-16,0.550000011920929,12.900590896606445,15.864059448242188,16.6649112701416,4.6875,11.243521690368652,15.583121299743652,1890.9100341796875
2001-03-19,0.5249999761581421,13.466753959655762,15.401658058166504,16.588558197021484,4.75,12.342888832092285,18.022218704223633,1951.1800537109375
2001-03-20,0.512499988079071,12.334421157836914,14.014436721801758,16.092239379882812,4.25,11.493379592895508,16.72524642944336,1857.43994140625
2001-03-21,0.5,12.49618148803711,14.547982215881348,15.29049015045166,3.796875,11.793206214904785,18.00286102294922,1830.22998046875
2001-03-22,0.5093749761581421,12.779267311096191,16.32646369934082,16.49311065673828,3.78125,12.392862319946289,17.615699768066406,1897.699951171875
2001-03-23,0.5093749761581421,12.09177017211914,16.397607803344727,17.27577781677246,3.78125,12.692692756652832,18.23515510559082,1928.6800537109375
2001-03-26,0.546999990940094,11.56604290008545,16.113048553466797,17.1230525970459,3.96875,12.344888687133789,17.538267135620117,1918.489990234375
2001-03-27,0.5820000171661377,11.727805137634277,16.71773338317871,17.791175842285156,3.8125,13.128438949584961,18.544883728027344,1972.22998046875
2001-03-28,0.5400000214576721,10.191057205200195,15.330513000488281,16.970335006713867,3.375,12.041061401367188,16.976890563964844,1854.1300048828125
2001-03-29,0.5,9.867531776428223,15.11709976196289,16.913076400756836,3.3125,11.4573974609375,16.938175201416016,1820.5699462890625
2001-03-30,0.5115000009536743,10.231500625610352,14.974820137023926,16.70309066772461,2.875,11.697261810302734,17.538267135620117,1840.260009765625
2001-04-02,0.45500001311302185,9.746208190917969,14.681365966796875,17.04670524597168,2.5625,12.152998924255371,15.950921058654785,1782.969970703125
2001-04-03,0.43149998784065247,8.896956443786621,14.227858543395996,16.302217483520508,2.96875,10.521936416625977,14.169995307922363,1673.0
2001-04-04,0.41999998688697815,8.85651683807373,12.87620735168457,15.863162994384766,2.875,10.729818344116211,13.589254379272461,1638.800048828125
2001-04-05,0.4560000002384186,9.665331840515137,14.583549499511719,17.333040237426758,2.6875,11.569337844848633,14.847517013549805,1785.0
2001-04-06,0.41850000619888306,8.816075325012207,13.445319175720215,17.161231994628906,2.625,10.833758354187012,13.821556091308594,1720.3599853515625
2001-04-09,0.5590000152587891,9.375775337219238,13.203449249267578,17.4552059173584,2.4600000381469727,11.233529090881348,14.012033462524414,1745.7099609375
2001-04-10,0.6004999876022339,10.262234687805176,14.096967697143555,18.22794532775879,2.5,11.969106674194336,15.114657402038574,1852.030029296875
2001-04-11,0.6660000085830688,11.258692741394043,15.662023544311523,18.3378963470459,2.549999952316284,12.41684627532959,15.823936462402344,1898.949951171875
2001-04-12,0.7335000038146973,11.633988380432129,16.003488540649414,18.991514205932617,2.4800000190734863,12.648715019226074,16.427898406982422,1961.4300537109375
2001-04-16,0.7014999985694885,11.12928295135498,14.967696189880371,18.566967010498047,2.5,12.760648727416992,14.98148250579834,1909.5699462890625
2001-04-17,0.7369999885559082,10.779876708984375,14.819734573364258,18.77771759033203,2.4800000190734863,12.968528747558594,15.721723556518555,1923.219970703125
2001-04-18,0.8270000219345093,11.601632118225098,17.801898956298828,19.984155654907227,2.9700000286102295,14.327747344970703,18.196439743041992,2079.43994140625
2001-04-19,0.7994999885559082,12.23574161529541,18.490524291992188,20.781320571899414,5.239999771118164,16.246633529663086,20.544166564941406,2182.139892578125
2001-04-20,0.7889999747276306,12.391032218933105,18.45637321472168,21.074533462524414,5.639999866485596,15.790905952453613,19.76985740661621,2163.409912109375
2001-04-23,0.8100000023841858,11.213399887084961,17.255552291870117,20.845449447631836,4.659999847412109,13.712095260620117,18.02609634399414,2059.320068359375
2001-04-24,0.7839999794960022,10.52105712890625,16.583984375,20.631662368774414,4.309999942779541,13.568181991577148,18.428735733032227,2016.6099853515625
2001-04-25,0.8044999837875366,10.178118705749512,16.52138328552246,21.285276412963867,4.099999904632568,13.792057991027832,19.5065860748291,2059.800048828125
2001-04-26,0.7714999914169312,9.841650009155273,16.299427032470703,21.114229202270508,4.130000114440918,13.512216567993164,17.97963523864746,2034.8800048828125
2001-04-27,0.7634999752044678,10.093998908996582,17.175874710083008,20.500329971313477,4.170000076293945,13.712095260620117,17.437599182128906,2075.679931640625
2001-04-30,0.7889999747276306,10.98692798614502,17.5913143157959,20.692737579345703,4.539999961853027,12.920555114746094,17.76592445373535,2116.239990234375
2001-05-01,0.8445000052452087,11.5175142288208,17.744979858398438,21.431884765625,5.599999904632568,12.824614524841309,19.125614166259766,2168.239990234375
2001-05-02,0.8554999828338623,12.941025733947754,18.17750358581543,21.306655883789062,5.480000019073486,13.728093147277832,18.614572525024414,2220.60009765625
2001-05-03,0.8374999761581421,12.073975563049316,17.31191062927246,20.93098258972168,5.449999809265137,13.152421951293945,18.224315643310547,2146.199951171875
2001-05-04,0.878000020980835,12.708088874816895,17.58526611328125,21.609027862548828,5.25,13.664124488830566,19.07605743408203,2191.530029296875
2001-05-07,0.8460000157356262,12.455737113952637,17.744709014892578,21.801454544067383,5.300000190734863,13.488228797912598,18.735368728637695,2173.570068359375
2001-05-08,0.8090000152587891,13.186907768249512,17.926942825317383,22.00914192199707,5.21999979019165,13.624154090881348,19.21853256225586,2198.77001953125
2001-05-09,0.7505000233650208,12.378089904785156,17.044269561767578,21.502134323120117,4.949999809265137,13.640142440795898,18.360599517822266,2156.6298828125
2001-05-10,0.7310000061988831,12.183980941772461,16.520353317260742,21.379953384399414,4.900000095367432,13.104453086853027,18.153079986572266,2128.860107421875
2001-05-11,0.734000027179718,12.32632827758789,15.911023139953613,21.196699142456055,4.760000228881836,12.712676048278809,17.94866371154785,2107.429931640625
2001-05-14,0.6664999723434448,12.015743255615234,15.6091947555542,20.9890079498291,4.119999885559082,12.824614524841309,17.629634857177734,2081.919921875
2001-05-15,0.6769999861717224,12.12574291229248,15.489603042602539,20.851573944091797,4.0,12.736663818359375,18.428735733032227,2085.580078125
2001-05-16,0.7064999938011169,12.941025733947754,16.150197982788086,21.123401641845703,4.079999923706055,13.112445831298828,20.057897567749023,2166.43994140625
2001-05-17,0.7390000224113464,12.850441932678223,16.286861419677734,20.82102394104004,4.300000190734863,12.888575553894043,20.550365447998047,2193.679931640625
2001-05-18,0.7360000014305115,13.070442199707031,16.377973556518555,20.79659652709961,4.190000057220459,13.01650333404541,20.24993324279785,2198.8798828125
2001-05-21,0.8190000057220459,14.798069953918457,17.027189254760742,21.010385513305664,4.130000114440918,14.471660614013672,21.99058723449707,2305.590087890625
2001-05-22,0.8125,15.192765235900879,16.81647300720215,21.474639892578125,4.099999904632568,14.055904388427734,21.652986526489258,2313.85009765625
2001-05-23,0.7799999713897705,14.468069076538086,16.400758743286133,21.288326263427734,4.039999961853027,13.456245422363281,21.095483779907227,2243.47998046875
2001-05-24,0.8374999761581421,14.823949813842773,16.634246826171875,21.90528678894043,4.130000114440918,13.83203125,21.680864334106445,2282.02001953125
2001-05-25,0.8544999957084656,14.267477989196777,16.57160758972168,21.65790367126465,4.010000228881836,13.200393676757812,20.912734985351562,2251.030029296875
2001-05-29,0.8610000014305115,13.238669395446777,15.859762191772461,21.48379898071289,3.7200000286102295,12.480807304382324,20.497713088989258,2175.5400390625
2001-05-30,0.7829999923706055,12.293975830078125,15.147927284240723,21.1325626373291,3.380000114440918,11.60131549835205,19.147300720214844,2084.5
2001-05-31,0.8345000147819519,12.462203979492188,15.381410598754883,21.1295108795166,3.7699999809265137,12.232953071594238,18.812795639038086,2110.489990234375
2001-06-01,0.8475000262260437,12.196921348571777,16.366596221923828,21.48379898071289,3.7100000381469727,12.680695533752441,19.07605743408203,2149.43994140625
2001-06-04,0.8454999923706055,12.766321182250977,16.229917526245117,21.61819839477539,3.5999999046325684,12.840604782104492,19.18447494506836,2155.929931640625
2001-06-05,0.8220000267028809,13.93748664855957,16.930360794067383,22.174070358276367,3.509999990463257,13.400279998779297,19.673843383789062,2233.659912109375
2001-06-06,0.7994999885559082,13.43278694152832,16.98162078857422,22.100767135620117,3.5899999141693115,13.59217357635498,19.351728439331055,2217.72998046875
2001-06-07,0.8065000176429749,14.118659973144531,17.733320236206055,22.503938674926758,3.6600000858306885,13.856019973754883,20.132232666015625,2264.0
2001-06-08,0.7850000262260437,13.258084297180176,17.465669631958008,22.35427474975586,3.799999952316284,13.60016918182373,18.967660903930664,2215.10009765625
2001-06-11,0.7429999709129333,13.186907768249512,17.272052764892578,22.0274658203125,3.6700000762939453,12.944543838500977,18.51546287536621,2170.780029296875
2001-06-12,0.7319999933242798,13.180436134338379,17.158153533935547,22.015260696411133,3.640000104904175,12.90456771850586,17.954851150512695,2169.949951171875
2001-06-13,0.7059999704360962,12.306917190551758,16.548828125,21.590713500976562,3.5999999046325684,12.392862319946289,16.793384552001953,2121.659912109375
2001-06-14,0.6644999980926514,11.478693008422852,15.723090171813965,21.043991088867188,3.569999933242798,11.873163223266602,15.950921058654785,2044.0699462890625
2001-06-15,0.6244999766349792,10.773405075073242,15.762948036193848,20.77519989013672,3.75,11.99309253692627,15.285000801086426,2028.4300537109375
2001-06-18,0.5914999842643738,10.676346778869629,15.688921928405762,20.42702293395996,3.430000066757202,11.865166664123535,15.498730659484863,1988.6300048828125
2001-06-19,0.5680000185966492,10.766934394836426,15.187786102294922,20.561410903930664,3.1700000762939453,13.400279998779297,15.582353591918945,1992.6600341796875
2001-06-20,0.6265000104904175,10.611639976501465,15.654759407043457,21.19976806640625,3.0999999046325684,14.007930755615234,15.006254196166992,2031.239990234375
2001-06-21,0.6539999842643738,11.439868927001953,15.529473304748535,21.33108901977539,3.1700000762939453,14.31175422668457,16.260650634765625,2058.760009765625
2001-06-22,0.6200000047683716,11.336339950561523,15.666150093078613,21.02260398864746,3.299999952316284,13.97594928741455,16.734533309936523,2034.8399658203125
2001-06-25,0.640500009059906,11.97691822052002,16.275480270385742,21.028718948364258,3.1600000858306885,14.207812309265137,16.83363914489746,2050.8701171875
2001-06-26,0.6625000238418579,11.659866333007812,16.497573852539062,21.422733306884766,2.880000114440918,14.743510246276855,16.554893493652344,2064.6201171875
2001-06-27,0.7020000219345093,11.601632118225098,16.315338134765625,21.728151321411133,2.809999942779541,14.423691749572754,17.20841407775879,2074.739990234375
2001-06-28,0.7179999947547913,12.022215843200684,16.879112243652344,22.216829299926758,2.7100000381469727,15.335163116455078,17.84025764465332,2125.4599609375
2001-06-29,0.7074999809265137,11.776336669921875,16.657024383544922,22.296245574951172,2.799999952316284,15.19124984741211,18.112810134887695,2160.5400390625
2001-07-02,0.7264999747276306,12.43632698059082,17.118289947509766,21.56320571899414,3.700000047683716,15.654984474182129,17.92388916015625,2148.719970703125
2001-07-03,0.7064999938011169,12.416913032531738,17.346084594726562,21.523517608642578,3.4000000953674316,15.806896209716797,19.78223991394043,2140.800048828125
2001-07-05,0.7634999752044678,11.375164985656738,16.993017196655273,20.924880981445312,3.140000104904175,15.135279655456543,19.02032470703125,2080.110107421875
2001-07-06,0.7634999752044678,10.863991737365723,16.190059661865234,20.176572799682617,3.049999952316284,14.559609413146973,18.01990509033203,2004.1600341796875
2001-07-09,0.7904999852180481,11.161633491516113,16.45770263671875,20.063573837280273,3.059999942779541,15.119282722473145,19.1163330078125,2026.7099609375
2001-07-10,0.7804999947547913,10.482234001159668,15.82558536529541,19.69400405883789,3.319999933242798,14.06390380859375,18.289358139038086,1962.7900390625
2001-07-11,0.7670000195503235,10.805760383605957,15.979351997375488,20.31096076965332,3.1600000858306885,14.391716957092285,17.484071731567383,1972.0400390625
2001-07-12,0.8245000243186951,11.556336402893066,17.141075134277344,21.86865234375,3.3299999237060547,15.718944549560547,19.624284744262695,2075.739990234375
2001-07-13,0.8489999771118164,12.12574291229248,17.19232177734375,21.78923988342285,3.299999952316284,15.623003005981445,20.311866760253906,2084.7900390625
2001-07-16,0.8004999756813049,11.45927906036377,16.588685989379883,21.740365982055664,3.25,14.951393127441406,19.856576919555664,2029.1199951171875
2001-07-17,0.8174999952316284,11.511046409606934,17.027189254760742,21.935834884643555,3.240000009536743,15.591022491455078,20.036216735839844,2067.320068359375
2001-07-18,0.7979999780654907,11.096931457519531,16.452009201049805,21.554061889648438,2.950000047683716,15.015348434448242,19.373403549194336,2016.1700439453125
2001-07-19,0.8245000243186951,11.491632461547852,17.06134033203125,22.16490936279297,3.069999933242798,15.327173233032227,20.349037170410156,2046.5899658203125
2001-07-20,0.8489999771118164,11.640453338623047,17.044269561767578,21.1295108795166,3.059999942779541,15.247207641601562,19.971176147460938,2029.3699951171875
2001-07-23,0.8015000224113464,11.821629524230957,16.514657974243164,20.491165161132812,2.940000057220459,14.495654106140137,18.846874237060547,1988.56005859375
2001-07-24,0.6029999852180481,11.892801284790039,16.44632339477539,20.255992889404297,3.0899999141693115,14.559609413146973,17.88671112060547,1959.239990234375
2001-07-25,0.5755000114440918,12.099858283996582,16.753835678100586,20.61028289794922,2.890000104904175,15.399130821228027,18.456621170043945,1984.3199462890625
2001-07-26,0.6165000200271606,12.539856910705566,16.958829879760742,20.33844757080078,2.869999885559082,15.519059181213379,18.478294372558594,2022.9599609375
2001-07-27,0.612500011920929,12.332797050476074,16.639938354492188,19.99637222290039,2.7799999713897705,15.239225387573242,19.568532943725586,2029.0699462890625
2001-07-30,0.6274999976158142,12.222799301147461,16.53742790222168,20.0971736907959,2.880000114440918,14.927396774291992,19.856576919555664,2017.8399658203125
2001-07-31,0.6244999766349792,12.43632698059082,16.975923538208008,20.216278076171875,3.240000009536743,14.455669403076172,19.584016799926758,2027.1300048828125
2001-08-01,0.625,13.135140419006348,17.511228561401367,20.301799774169922,3.890000104904175,14.647560119628906,20.246837615966797,2068.3798828125
2001-08-02,0.609499990940094,13.102791786193848,18.285709381103516,20.60112762451172,3.5,14.639564514160156,21.166709899902344,2087.3798828125
2001-08-03,0.6075000166893005,12.973381042480469,18.052078247070312,20.430076599121094,3.380000114440918,14.391716957092285,20.708322525024414,2066.330078125
2001-08-06,0.5950000286102295,12.643386840820312,17.25432586669922,20.197954177856445,3.3299999237060547,13.9599609375,20.844606399536133,2034.260009765625
2001-08-07,0.5799999833106995,12.462203979492188,17.44806480407715,20.26515007019043,3.549999952316284,13.7840576171875,20.925134658813477,2027.7900390625
2001-08-08,0.5554999709129333,11.633988380432129,16.872541427612305,19.81005859375,3.5,13.032492637634277,20.160106658935547,1966.3599853515625
2001-08-09,0.5230000019073486,11.83456802368164,16.895334243774414,19.855871200561523,3.430000066757202,12.784634590148926,20.35523796081543,1963.3199462890625
2001-08-10,0.4975000023841858,11.860454559326172,17.06627655029297,20.011638641357422,3.25,12.121021270751953,19.75127410888672,1956.469970703125
2001-08-13,0.5059999823570251,11.782806396484375,17.413875579833984,20.106319427490234,3.2699999809265137,12.54477310180664,20.627798080444336,1982.25
2001-08-14,0.5264999866485596,11.42045783996582,17.29421615600586,19.75813865661621,3.130000114440918,12.432833671569824,20.42027473449707,1964.530029296875
2001-08-15,0.5040000081062317,10.999871253967285,16.969402313232422,19.30304527282715,3.0999999046325684,12.001089096069336,19.676929473876953,1918.8900146484375
2001-08-16,0.49050000309944153,11.310458183288574,17.18595314025879,19.736757278442383,3.109999895095825,12.240947723388672,20.073383331298828,1930.3199462890625
2001-08-17,0.49950000643730164,10.747522354125977,15.995010375976562,18.899890899658203,3.200000047683716,11.769221305847168,19.066770553588867,1867.010009765625
2001-08-20,0.5199999809265137,10.935168266296387,16.069089889526367,19.150339126586914,3.200000047683716,11.841180801391602,19.732688903808594,1881.3499755859375
2001-08-21,0.4945000112056732,10.359293937683105,15.425180435180664,18.56390953063965,3.0,11.297493934631348,19.33933448791504,1831.300048828125
2001-08-22,0.5099999904632568,10.663405418395996,15.932331085205078,18.527259826660156,2.9200000762939453,11.705257415771484,19.745073318481445,1860.010009765625
2001-08-23,0.4814999997615814,10.844579696655273,15.76707649230957,18.056901931762695,2.7300000190734863,11.20154857635498,19.497297286987305,1842.969970703125
2001-08-24,0.5115000009536743,11.808691024780273,16.570531845092773,18.95180320739746,2.6500000953674316,12.145002365112305,20.476032257080078,1916.800048828125
2001-08-27,0.5065000057220459,11.65339469909668,16.610422134399414,19.03122329711914,2.4100000858306885,11.93712329864502,20.122926712036133,1912.4100341796875
2001-08-28,0.4984999895095825,11.05810832977295,16.245725631713867,18.551698684692383,2.390000104904175,11.20154857635498,19.45083236694336,1864.97998046875
2001-08-29,0.4595000147819519,11.051641464233398,16.012096405029297,18.40203857421875,2.490000009536743,10.673853874206543,19.426055908203125,1843.1700439453125
2001-08-30,0.4345000088214874,10.359293937683105,15.459373474121094,17.39107322692871,2.5999999046325684,9.59447193145752,18.456621170043945,1791.6800537109375
2001-08-31,0.44699999690055847,10.566349029541016,15.932331085205078,17.424665451049805,2.4700000286102295,9.762375831604004,18.22740936279297,1805.4300537109375
2001-09-04,0.429500013589859,10.203997611999512,15.299820899963379,17.134506225585938,2.319999933242798,9.658438682556152,16.818164825439453,1770.780029296875
2001-09-05,0.3824999928474426,9.628125190734863,15.653107643127441,17.63541603088379,2.319999933242798,9.650437355041504,16.480562210083008,1759.010009765625
2001-09-06,0.4074999988079071,9.31754207611084,14.872459411621094,17.110074996948242,2.2699999809265137,8.730968475341797,15.0248384475708,1705.6400146484375
2001-09-07,0.4255000054836273,9.291658401489258,14.752791404724121,16.92070770263672,2.049999952316284,8.850899696350098,15.232353210449219,1687.699951171875
2001-09-10,0.43149998784065247,9.362832069396973,14.85536003112793,17.5865421295166,1.8899999856948853,9.162718772888184,15.653585433959961,1695.3800048828125
2001-09-17,0.37450000643730164,9.0587158203125,13.442190170288086,16.16019630432129,2.049999952316284,8.802929878234863,14.182385444641113,1579.550048828125
2001-09-18,0.3644999861717224,8.780488014221191,13.373810768127441,16.590850830078125,1.9500000476837158,9.098756790161133,14.362030029296875,1555.0799560546875
2001-09-19,0.36550000309944153,8.728720664978027,12.695722579956055,16.453401565551758,1.8300000429153442,8.954840660095215,13.937701225280762,1527.800048828125
2001-09-20,0.37400001287460327,8.334022521972656,11.778301239013672,15.503517150878906,1.659999966621399,9.0427885055542,14.10495376586914,1470.9300537109375
2001-09-21,0.37400001287460327,7.822851657867432,10.997641563415527,15.182831764221191,1.5399999618530273,8.603038787841797,13.903627395629883,1423.18994140625
2001-09-24,0.37299999594688416,8.126965522766113,12.142988204956055,15.88530445098877,1.4600000381469727,10.010236740112305,14.742986679077148,1499.4000244140625
2001-09-25,0.3544999957084656,8.152847290039062,12.353827476501465,15.668457984924316,1.6100000143051147,9.794356346130371,15.120853424072266,1501.6400146484375
2001-09-26,0.3174999952316284,7.91343879699707,11.909358024597168,15.35387134552002,1.409999966621399,9.75438117980957,14.349632263183594,1464.0400390625
2001-09-27,0.3100000023841858,7.272855281829834,11.709915161132812,15.259182929992676,1.25,9.62645149230957,14.730596542358398,1460.7099609375
2001-09-28,0.2985000014305115,7.8810858726501465,11.647238731384277,15.628753662109375,1.1299999952316284,10.05820369720459,14.724404335021973,1498.800048828125
2001-10-01,0.3005000054836273,7.69990873336792,11.402213096618652,15.818119049072266,1.2000000476837158,10.05820369720459,13.875755310058594,1480.4599609375
2001-10-02,0.30399999022483826,7.428147792816162,11.13438892364502,16.202957153320312,1.309999942779541,10.074198722839355,14.207165718078613,1492.3299560546875
2001-10-03,0.33799999952316284,9.026366233825684,12.097403526306152,17.17421531677246,1.399999976158142,10.921711921691895,13.8788480758667,1580.81005859375
2001-10-04,0.35199999809265137,9.330479621887207,12.279748916625977,17.23835563659668,1.340000033378601,11.025647163391113,13.008523941040039,1597.31005859375
2001-10-05,0.36000001430511475,9.666945457458496,12.513372421264648,17.629301071166992,1.190000057220459,11.353456497192383,11.91208267211914,1605.300048828125
2001-10-08,0.35600000619888306,9.738122940063477,12.672924041748047,17.727035522460938,1.3200000524520874,11.113595962524414,12.766927719116211,1605.949951171875
2001-10-09,0.34549999237060547,9.440479278564453,12.222762107849121,16.664159774780273,1.4500000476837158,10.95368766784668,12.652336120605469,1570.18994140625
2001-10-10,0.3630000054836273,9.802827835083008,13.14018440246582,16.95430564880371,1.6100000143051147,11.425418853759766,13.906725883483887,1626.260009765625
2001-10-11,0.39250001311302185,10.650465965270996,13.966426849365234,17.20170783996582,1.840000033378601,11.969106674194336,15.38722038269043,1701.469970703125
2001-10-12,0.4034999907016754,10.967521667480469,14.25704574584961,17.220029830932617,1.899999976158142,11.945119857788086,15.331466674804688,1703.4000244140625
2001-10-15,0.4440000057220459,10.488702774047852,13.892352104187012,17.733150482177734,2.0899999141693115,11.5453519821167,15.6566801071167,1696.31005859375
2001-10-16,0.4779999852180481,10.98045825958252,14.222851753234863,17.852272033691406,2.9200000762939453,11.945119857788086,15.439871788024902,1722.0699462890625
2001-10-17,0.44600000977516174,10.093998908996582,14.000621795654297,17.113126754760742,2.8299999237060547,10.921711921691895,14.445662498474121,1646.3399658203125
2001-10-18,0.4235000014305115,10.81870174407959,13.704307556152344,17.333040237426758,2.4600000381469727,11.4014310836792,14.677946090698242,1652.719970703125
2001-10-19,0.40049999952316284,10.81870174407959,13.761293411254883,17.684284210205078,2.3499999046325684,11.6253023147583,14.959797859191895,1671.31005859375
2001-10-22,0.43849998712539673,10.889877319335938,14.41658878326416,18.374547958374023,2.180000066757202,11.95311450958252,14.969088554382324,1708.0799560546875
2001-10-23,0.47749999165534973,10.618114471435547,14.245650291442871,18.457012176513672,2.299999952316284,12.001089096069336,15.285000801086426,1704.43994140625
2001-10-24,0.38199999928474426,11.148694038391113,14.519160270690918,18.728845596313477,2.309999942779541,11.721246719360352,16.489852905273438,1731.5400390625
2001-10-25,0.38850000500679016,11.478693008422852,14.872459411621094,19.107574462890625,2.1700000762939453,11.153572082519531,17.301328659057617,1775.469970703125
2001-10-26,0.3779999911785126,11.187516212463379,14.735698699951172,18.997621536254883,2.390000104904175,10.857745170593262,17.118602752685547,1768.9599609375
2001-10-29,0.35249999165534973,10.62458610534668,13.778392791748047,18.215726852416992,2.7300000190734863,10.713826179504395,16.198699951171875,1699.52001953125
2001-10-30,0.32100000977516174,10.721643447875977,13.413702011108398,17.98360252380371,2.680000066757202,10.793784141540527,15.080591201782227,1667.4100341796875
2001-10-31,0.3490000069141388,10.948107719421387,13.915143013000488,17.76063346862793,2.75,10.841754913330078,15.21377182006836,1690.199951171875
2001-11-01,0.3474999964237213,11.426924705505371,14.781282424926758,18.887664794921875,2.4700000286102295,11.32947063446045,15.99118709564209,1746.300048828125
2001-11-02,0.33550000190734863,11.168105125427246,14.98641586303711,18.753276824951172,2.319999933242798,11.553343772888184,16.576576232910156,1745.72998046875
2001-11-05,0.34950000047683716,11.582221031188965,15.374191284179688,19.324432373046875,2.369999885559082,11.961106300354004,16.440292358398438,1793.6500244140625
2001-11-06,0.35249999165534973,11.951038360595703,16.10982894897461,19.785627365112305,2.4000000953674316,12.168990135192871,16.951337814331055,1835.0799560546875
2001-11-07,0.3714999854564667,12.248682975769043,16.13263511657715,19.62375259399414,2.5999999046325684,12.456823348999023,17.06904411315918,1837.530029296875
2001-11-08,0.34850001335144043,12.352211952209473,16.12693214416504,19.67567253112793,2.5999999046325684,12.35288143157959,17.43451499938965,1827.77001953125
2001-11-09,0.35600000619888306,12.423382759094238,15.89883041381836,19.916959762573242,2.5399999618530273,12.296921730041504,17.1650447845459,1828.47998046875
2001-11-12,0.35249999165534973,12.462203979492188,16.183963775634766,20.094118118286133,2.440000057220459,12.312905311584473,17.41593360900879,1840.1300048828125
2001-11-13,0.3644999861717224,12.66926383972168,17.13629913330078,20.73855209350586,2.450000047683716,11.60931396484375,17.827861785888672,1892.1099853515625
2001-11-14,0.47450000047683716,12.869853973388672,17.86052131652832,20.142974853515625,2.5,11.92912769317627,17.98582649230957,1903.18994140625
2001-11-15,0.45249998569488525,13.031611442565918,17.552587509155273,20.194902420043945,2.75,11.825187683105469,18.26148796081543,1900.5699462890625
2001-11-16,0.44749999046325684,12.953967094421387,17.4670467376709,20.08189582824707,2.7100000381469727,11.633299827575684,18.608375549316406,1898.5799560546875
2001-11-19,0.4595000147819519,13.40043830871582,17.672338485717773,20.323184967041016,2.7100000381469727,11.889154434204102,19.3486270904541,1934.4200439453125
2001-11-20,0.4300000071525574,12.805147171020508,17.079269409179688,19.97498893737793,2.990000009536743,11.641294479370117,18.342018127441406,1880.510009765625
2001-11-21,0.4399999976158142,12.391032218933105,17.569692611694336,19.562665939331055,2.9000000953674316,11.257515907287598,18.51546287536621,1875.050048828125
2001-11-23,0.45399999618530273,12.675740242004395,17.712263107299805,19.76424217224121,3.130000114440918,11.521366119384766,18.989343643188477,1903.199951171875
2001-11-26,0.6104999780654907,12.895735740661621,18.17416763305664,19.89557456970215,3.5,11.785211563110352,18.70749282836914,1941.22998046875
2001-11-27,0.5740000009536743,12.74691104888916,18.425081253051758,19.46798324584961,3.990000009536743,11.52935791015625,18.589801788330078,1935.969970703125
2001-11-28,0.5795000195503235,12.216329574584961,18.11143684387207,19.180877685546875,3.4000000953674316,11.289496421813965,17.74424171447754,1887.969970703125
2001-11-29,0.5575000047683716,12.869853973388672,18.43077850341797,19.803953170776367,3.4000000953674316,11.345464706420898,18.094242095947266,1933.260009765625
2001-11-30,0.5659999847412109,13.22573184967041,18.624671936035156,19.611530303955078,3.440000057220459,11.217537879943848,18.187152862548828,1930.5799560546875
2001-12-03,0.5245000123977661,12.850441932678223,18.271108627319336,19.782573699951172,3.5799999237060547,10.95368766784668,17.74114227294922,1904.9000244140625
2001-12-04,0.5964999794960022,13.277493476867676,18.73872947692871,20.158252716064453,3.5899999141693115,11.03364372253418,18.555728912353516,1963.0999755859375
2001-12-05,0.5879999995231628,13.93748664855957,19.73668098449707,20.799646377563477,3.8299999237060547,12.288920402526855,19.199954986572266,2046.8399658203125
2001-12-06,0.6050000190734863,14.099251747131348,19.480051040649414,20.96763801574707,3.9000000953674316,12.712676048278809,18.59599494934082,2054.27001953125
2001-12-07,0.5855000019073486,13.69161319732666,18.95542335510254,20.71717643737793,4.449999809265137,12.720671653747559,17.6451358795166,2021.260009765625
2001-12-10,0.5824999809265137,13.419838905334473,18.7900447845459,20.482004165649414,4.289999961853027,12.328899383544922,17.663711547851562,1992.1199951171875
2001-12-11,0.6119999885559082,13.44572925567627,18.92691421508789,20.561410903930664,4.550000190734863,12.081037521362305,17.818574905395508,2001.9300537109375
2001-12-12,0.5954999923706055,13.264554977416992,19.4344482421875,20.75383186340332,4.710000038146973,12.073046684265137,17.861936569213867,2011.3800048828125
2001-12-13,0.5444999933242798,12.300445556640625,18.573352813720703,20.240707397460938,4.230000019073486,11.729241371154785,17.034969329833984,1946.510009765625
2001-12-14,0.550000011920929,12.54632568359375,18.972536087036133,20.59806251525879,3.880000114440918,11.649288177490234,17.295137405395508,1953.1700439453125
2001-12-17,0.5404999852180481,12.462203979492188,19.3717098236084,21.068418502807617,3.819999933242798,11.825187683105469,16.576576232910156,1987.449951171875
2001-12-18,0.5429999828338623,12.695149421691895,19.280467987060547,21.156991958618164,4.230000019073486,12.033069610595703,16.601346969604492,2004.760009765625
2001-12-19,0.5354999899864197,12.520442962646484,18.84707260131836,21.224185943603516,4.449999809265137,11.92912769317627,16.19251251220703,1982.8900146484375
2001-12-20,0.5074999928474426,11.83456802368164,18.23689842224121,20.390380859375,4.010000228881836,11.585325241088867,15.350048065185547,1918.5400390625
2001-12-21,0.5,11.769865989685059,18.48211097717285,20.628610610961914,4.25,11.4973783493042,15.483232498168945,1945.8299560546875
2001-12-24,0.49149999022483826,11.718101501464844,18.259706497192383,20.5461483001709,4.070000171661377,11.465394020080566,15.523490905761719,1944.47998046875
2001-12-26,0.5550000071525574,11.802217483520508,18.413681030273438,20.671371459960938,4.199999809265137,11.265508651733398,15.675265312194824,1960.699951171875
2001-12-27,0.5299999713897705,11.963979721069336,18.630373001098633,20.72328758239746,4.21999979019165,11.185559272766113,16.167734146118164,1976.4200439453125
2001-12-28,0.5450000166893005,11.996329307556152,18.38516616821289,20.72941017150879,4.059999942779541,11.241523742675781,16.04384422302246,1987.260009765625
2001-12-31,0.5410000085830688,11.718101501464844,17.934654235839844,20.234603881835938,3.8499999046325684,11.041640281677246,15.641193389892578,1950.4000244140625
