Date,AMD,AMZN,GOOGL,META,MSFT,NVDA,ORCL,PLTR
2022-01-03,150.24000549316406,170.4044952392578,143.90419006347656,336.1915588378906,323.8984069824219,30.062768936157227,83.03219604492188,18.530000686645508
2022-01-04,144.4199981689453,167.52200317382812,143.316650390625,334.1955261230469,318.3444519042969,29.233373641967773,83.92015075683594,18.170000076293945
2022-01-05,136.14999389648438,164.35699462890625,136.74179077148438,321.9212646484375,306.1238708496094,27.550630569458008,81.67192077636719,16.959999084472656
2022-01-06,136.22999572753906,163.25399780273438,136.7145233154297,330.1537780761719,303.7049560546875,28.123523712158203,81.8615493774414,16.739999771118164
2022-01-07,132.0,162.5540008544922,135.98948669433594,329.4884338378906,303.8597412109375,27.194320678710938,82.97089385986328,16.559999465942383
2022-01-10,132.0,161.48599243164062,137.62960815429688,325.79425048828125,304.082275390625,27.347026824951172,84.64906311035156,16.5
2022-01-11,137.30999755859375,165.36199951171875,138.68807983398438,332.0505065917969,304.769287109375,27.763219833374023,83.89057159423828,16.889999389648438
2022-01-12,137.47000122070312,165.20700073242188,140.36988830566406,330.9482116699219,307.95263671875,27.944868087768555,83.72937774658203,16.719999313354492
2022-01-13,132.74000549316406,161.21400451660156,137.5477294921875,324.21527099609375,294.9192810058594,26.523622512817383,83.2363510131836,16.010000228881836
2022-01-14,136.8800048828125,162.13800048828125,138.4345245361328,329.59765625,300.14422607421875,26.889907836914062,83.14154815673828,16.010000228881836
2022-01-18,131.92999267578125,158.91749572753906,134.97813415527344,315.94305419921875,292.8390197753906,25.85291862487793,81.112548828125,14.970000267028809
2022-01-19,128.27000427246094,156.2989959716797,134.10324096679688,317.3730163574219,293.4969482421875,25.018537521362305,79.05508422851562,14.5600004196167
2022-01-20,121.88999938964844,151.66749572753906,132.30783081054688,314.36407470703125,291.822998046875,24.10331153869629,78.42933654785156,14.619999885559082
2022-01-21,118.80999755859375,142.64300537109375,129.3739776611328,301.0669250488281,286.4335632324219,23.32880973815918,77.95525360107422,13.529999732971191
2022-01-24,116.52999877929688,144.54400634765625,129.82310485839844,306.5685119628906,286.7625427246094,23.326814651489258,78.14488983154297,13.399999618530273
2022-01-25,111.12999725341797,139.98599243164062,125.98310852050781,298.0679016113281,279.137939453125,22.280838012695312,76.86492919921875,13.0600004196167
2022-01-26,110.70999908447266,138.87249755859375,128.26388549804688,292.586181640625,287.09149169921875,22.727977752685547,75.46167755126953,12.75
2022-01-27,102.5999984741211,139.6374969482422,128.03759765625,292.59613037109375,290.1200866699219,21.901573181152344,75.6418228149414,12.279999732971191
2022-01-28,105.23999786376953,143.97799682617188,132.35098266601562,299.6170654296875,298.2671203613281,22.79584503173828,76.30552673339844,12.710000038146973
2022-01-31,114.25,149.57350158691406,134.28883361816406,311.0869445800781,300.8989562988281,24.438663482666016,76.95024108886719,13.710000038146973
2022-02-01,116.77999877929688,151.19349670410156,136.61180114746094,316.7871398925781,298.75091552734375,24.590370178222656,76.83646392822266,14.199999809265137
2022-02-02,122.76000213623047,150.6125030517578,146.89013671875,320.7593994140625,303.298583984375,25.193199157714844,78.22074127197266,13.319999694824219
2022-02-03,120.08000183105469,138.8455047607422,142.01693725585938,236.1106719970703,291.48443603515625,23.901695251464844,77.6897964477539,12.449999809265137
2022-02-04,123.5999984741211,157.63949584960938,142.2184295654297,235.44532775878906,296.0223083496094,24.271982192993164,77.8509750366211,12.9399995803833
2022-02-07,123.66999816894531,157.9355010986328,138.15711975097656,223.34983825683594,291.194091796875,24.680194854736328,76.5520248413086,12.979999542236328
2022-02-08,128.22999572753906,161.4134979248047,138.35365295410156,218.6526336669922,294.68707275390625,25.0594539642334,76.59944152832031,13.149999618530273
2022-02-09,132.85000610351562,161.1894989013672,140.53018188476562,230.39065551757812,301.1214599609375,26.653369903564453,79.12146759033203,13.869999885559082
2022-02-10,125.7699966430664,159.0034942626953,137.58047485351562,226.48793029785156,292.5776672363281,25.774070739746094,77.60446166992188,13.5600004196167
2022-02-11,113.18000030517578,153.2935028076172,133.27549743652344,218.0270233154297,285.4757080078125,23.902692794799805,75.61339569091797,13.130000114440918
2022-02-14,114.2699966430664,155.16700744628906,134.5096893310547,216.18983459472656,285.43695068359375,24.2200870513916,74.85487365722656,13.260000228881836
2022-02-15,121.47000122070312,156.510498046875,135.58409118652344,219.46697998046875,290.7295837402344,26.443775177001953,75.63233947753906,14.170000076293945
2022-02-16,117.69000244140625,158.10049438476562,136.70510864257812,215.03787231445312,290.3902893066406,26.45974349975586,75.08243560791016,13.970000267028809
2022-02-17,112.37000274658203,154.65249633789062,131.5450897216797,206.26913452148438,281.8870849609375,24.459619522094727,71.61227416992188,11.770000457763672
2022-02-18,113.83000183105469,152.60150146484375,129.42510986328125,204.72991943359375,279.1722106933594,23.596294403076172,70.70209503173828,11.020000457763672
2022-02-22,115.6500015258789,150.19749450683594,128.84002685546875,200.67820739746094,278.96856689453125,23.344778060913086,70.27542114257812,10.479999542236328
2022-02-23,109.76000213623047,144.82699584960938,126.63119506835938,197.0733642578125,271.74517822265625,22.343717575073242,68.71101379394531,10.430000305175781
2022-02-24,116.61000061035156,151.35800170898438,131.6959228515625,206.159912109375,285.6296691894531,23.702085494995117,70.92961883544922,11.829999923706055
2022-02-25,121.05999755859375,153.7884979248047,133.451171875,209.01992797851562,288.26690673828125,24.11029815673828,72.38973236083984,11.470000267028809
2022-02-28,123.33999633789062,153.56300354003906,134.04420471191406,209.5661163330078,289.7019348144531,24.337854385375977,72.02944946289062,11.850000381469727
2022-03-01,113.83000183105469,151.14199829101562,133.05615234375,202.0784149169922,285.97869873046875,23.431608200073242,72.06739807128906,12.180000305175781
2022-03-02,118.27999877929688,152.05250549316406,133.56234741210938,206.66636657714844,291.0592956542969,24.177295684814453,74.2196273803711,12.0600004196167
2022-03-03,111.9800033569336,147.89849853515625,132.8953857421875,201.56204223632812,286.91925048828125,23.672182083129883,74.19117736816406,11.34000015258789
2022-03-04,108.41000366210938,145.64100646972656,130.9172821044922,198.6721954345703,281.0434875488281,22.89555549621582,72.52247619628906,10.960000038146973
2022-03-07,102.94999694824219,137.4530029296875,125.4307861328125,186.16952514648438,270.4265441894531,21.314350128173828,70.46503448486328,11.109999656677246
2022-03-08,105.52999877929688,136.01449584960938,126.15133666992188,188.969970703125,267.4596252441406,21.476062774658203,69.52638244628906,11.039999961853027
2022-03-09,111.05000305175781,139.2790069580078,132.41946411132812,197.123046875,279.724853515625,22.973419189453125,72.1527099609375,11.649999618530273
2022-03-10,106.45999908447266,146.8175048828125,131.4364013671875,193.85586547851562,276.90338134765625,22.61804962158203,72.67417907714844,11.869999885559082
2022-03-11,104.29000091552734,145.52450561523438,128.89657592773438,186.30856323242188,271.5513610839844,22.061033248901367,73.78350067138672,11.390000343322754
2022-03-14,102.25,141.85299682617188,125.00647735595703,185.33538818359375,268.0317687988281,21.292388916015625,73.07240295410156,10.5
2022-03-15,109.33000183105469,147.3665008544922,128.22911071777344,190.69789123535156,278.4159240722656,22.932491302490234,76.4192886352539,10.770000457763672
2022-03-16,115.37000274658203,153.10400390625,132.28102111816406,202.21746826171875,285.43572998046875,24.45280647277832,75.81248474121094,11.789999961853027
2022-03-17,111.69000244140625,157.23899841308594,132.83535766601562,206.3982391357422,286.240478515625,24.72233009338379,76.4192886352539,12.319999694824219
2022-03-18,113.45999908447266,161.25050354003906,135.1046905517578,214.9882354736328,291.2919921875,26.40635108947754,77.44327545166016,12.819999694824219
2022-03-21,115.91999816894531,161.4915008544922,135.08087158203125,210.02291870117188,290.0606689453125,26.686859130859375,76.7606201171875,12.59000015258789
2022-03-22,114.77999877929688,164.88900756835938,138.81912231445312,215.14710998535156,294.81158447265625,26.477230072021484,77.55704498291016,13.270000457763672
2022-03-23,113.91999816894531,163.4080047607422,137.23855590820312,211.97927856445312,290.38055419921875,25.588802337646484,76.2201919555664,13.180000305175781
2022-03-24,120.52999877929688,163.64950561523438,140.51034545898438,218.046875,294.8503723144531,28.100360870361328,77.97422790527344,13.390000343322754
2022-03-25,119.66999816894531,164.77349853515625,140.61056518554688,220.28128051757812,294.4431457519531,27.643169403076172,77.49069213867188,12.970000267028809
2022-03-28,120.23999786376953,168.99049377441406,140.3947296142578,222.03897094726562,301.2496643066406,28.16924285888672,79.2636947631836,13.420000076293945
2022-03-29,123.2300033569336,169.31500244140625,141.43682861328125,228.2655029296875,305.8164367675781,28.605472564697266,79.91790771484375,14.199999809265137
2022-03-30,119.22000122070312,166.30099487304688,140.8740997314453,226.26943969726562,304.3135070800781,27.64117431640625,79.0361328125,13.880000114440918
2022-03-31,109.33999633789062,162.99749755859375,138.0246124267578,220.81752014160156,298.932373046875,27.237886428833008,78.4388198852539,13.729999542236328
2022-04-01,108.19000244140625,163.55999755859375,139.0994873046875,223.29025268554688,300.008544921875,26.664899826049805,77.75615692138672,13.829999923706055
2022-04-04,110.52999877929688,168.34649658203125,141.89935302734375,232.2675323486328,305.38970947265625,27.31175422668457,79.70929718017578,14.630000114440918
2022-04-05,106.81999969482422,164.05499267578125,139.5366973876953,230.2317657470703,301.4241943359375,25.885276794433594,78.6379165649414,13.890000343322754
2022-04-06,103.66999816894531,158.75599670410156,135.52401733398438,221.7509765625,290.3902893066406,24.363962173461914,77.8604507446289,13.0
2022-04-07,103.72000122070312,157.7845001220703,134.86944580078125,221.40342712402344,292.20343017578125,24.165311813354492,77.61297607421875,12.84000015258789
2022-04-08,101.0,154.4604949951172,132.2879638671875,220.78773498535156,287.93719482421875,23.078235626220703,77.04188537597656,12.699999809265137
2022-04-11,97.37000274658203,151.1219940185547,127.8574447631836,214.95848083496094,276.58343505859375,21.878353118896484,75.918701171875,12.65999984741211
2022-04-12,95.0999984741211,150.78750610351562,126.75675964355469,212.65457153320312,273.4807434082031,21.46607780456543,75.50940704345703,12.460000038146973
2022-04-13,97.73999786376953,155.54100036621094,128.91990661621094,213.4986572265625,278.87164306640625,22.163848876953125,75.9091796875,12.899999618530273
2022-04-14,93.05999755859375,151.7064971923828,125.7796401977539,208.72201538085938,271.31854248046875,21.220510482788086,75.62361907958984,12.420000076293945
2022-04-18,93.88999938964844,152.78500366210938,126.71904754638672,209.3079376220703,271.987548828125,21.74458885192871,74.45286560058594,12.149999618530273
2022-04-19,96.93000030517578,158.11549377441406,129.03407287597656,215.8025360107422,276.6221618652344,22.158855438232422,75.72833251953125,12.90999984741211
2022-04-20,94.0199966430664,153.9980010986328,127.07982635498047,199.0297088623047,277.64990234375,21.44411849975586,76.42317962646484,12.789999961853027
2022-04-21,89.8499984741211,148.29600524902344,123.87850952148438,186.765380859375,272.2687683105469,20.147409439086914,75.65217590332031,12.329999923706055
2022-04-22,88.13999938964844,144.35000610351562,118.73834991455078,182.83287048339844,265.6949768066406,19.480588912963867,72.53968048095703,11.960000038146973
2022-04-25,90.69000244140625,146.07400512695312,122.15105438232422,185.69287109375,272.1815185546875,19.86690902709961,73.27259063720703,12.109999656677246
2022-04-26,85.16000366210938,139.39100646972656,117.76024627685547,179.69476318359375,262.0008544921875,18.75486946105957,70.92153930664062,11.119999885559082
2022-04-27,84.91000366210938,138.16700744628906,113.4374008178711,173.73638916015625,274.60546875,18.382526397705078,71.15950012207031,10.5600004196167
2022-04-28,89.63999938964844,144.59649658203125,117.63370513916016,204.30288696289062,280.82049560546875,19.74711799621582,72.4730453491211,10.949999809265137
2022-04-29,85.5199966430664,124.28150177001953,113.25377655029297,199.07936096191406,269.0788879394531,18.514297485351562,69.86499786376953,10.399999618530273
2022-05-02,89.83999633789062,124.5,115.70873260498047,209.66542053222656,275.8174133300781,19.49855613708496,70.43608856201172,10.739999771118164
2022-05-03,91.12999725341797,124.25350189208984,116.45410919189453,210.5591583251953,273.2092590332031,19.567434310913086,69.76030731201172,10.550000190734863
2022-05-04,99.41999816894531,125.92849731445312,121.34414672851562,221.86026000976562,281.159912109375,20.29814338684082,71.58783721923828,10.979999542236328
2022-05-05,93.87000274658203,116.40699768066406,115.63182067871094,206.83518981933594,268.9140625,18.810773849487305,69.29390716552734,10.119999885559082
2022-05-06,95.33999633789062,114.77249908447266,114.8785171508789,202.35647583007812,266.3737487792969,18.64206886291504,68.99883270263672,9.479999542236328
2022-05-09,86.36000061035156,108.78900146484375,111.66727447509766,194.8489227294922,256.5325012207031,16.92011260986328,68.09458923339844,7.460000038146973
2022-05-10,88.7300033569336,108.85900115966797,113.53713989257812,196.27891540527344,261.3027648925781,17.563974380493164,69.03689575195312,7.289999961853027
2022-05-11,87.91999816894531,105.37200164794922,112.75057983398438,187.4307403564453,252.625,16.600671768188477,67.60912322998047,6.710000038146973
2022-05-12,87.05999755859375,106.93049621582031,111.9977798461914,189.9134063720703,247.5831756591797,16.146480560302734,67.32360076904297,7.340000152587891
2022-05-13,95.12000274658203,113.05500030517578,115.18022918701172,197.2421875,253.17770385742188,17.67477798461914,67.74239349365234,8.34000015258789
2022-05-16,94.23999786376953,110.81050109863281,113.5867691040039,198.65232849121094,253.54611206054688,17.233558654785156,66.35272216796875,8.039999961853027
2022-05-17,102.47000122070312,115.36849975585938,115.59955596923828,201.21446228027344,258.7043151855469,18.14494514465332,68.41819763183594,8.359999656677246
2022-05-18,96.27999877929688,107.11250305175781,111.06036376953125,190.90646362304688,246.9255828857422,16.908130645751953,65.01063537597656,8.010000228881836
2022-05-19,96.66999816894531,107.31900024414062,109.55622863769531,189.96304321289062,246.01205444335938,17.09380340576172,63.811302185058594,8.3100004196167
2022-05-20,93.5,107.59100341796875,108.09129333496094,192.1974334716797,245.4483642578125,16.664566040039062,65.32473754882812,8.079999923706055
2022-05-23,95.06999969482422,107.55699920654297,110.65194702148438,194.8687744140625,253.3106231689453,16.868206024169922,66.66681671142578,8.010000228881836
2022-05-24,91.16000366210938,104.0999984741211,105.17533111572266,180.02249145507812,252.30958557128906,16.125516891479492,65.70545959472656,7.550000190734863
2022-05-25,92.6500015258789,106.7750015258789,105.01155853271484,182.55479431152344,255.1278533935547,16.945066452026367,66.4669418334961,7.960000038146973
2022-05-26,98.75,111.07749938964844,106.98416137695312,190.3006591796875,258.41278076171875,17.819522857666016,68.20880126953125,8.359999656677246
2022-05-27,102.26000213623047,115.14649963378906,111.4742431640625,193.7764129638672,265.5460510253906,18.77783203125,69.27486419677734,8.850000381469727
2022-05-31,101.86000061035156,120.20950317382812,112.90889739990234,192.2967529296875,264.2146911621094,18.639076232910156,68.45626831054688,8.680000305175781
2022-06-01,101.22000122070312,121.68399810791016,113.03791809082031,187.33143615722656,264.7491760253906,18.287696838378906,68.15167999267578,8.460000038146973
2022-06-02,108.58999633789062,125.51100158691406,116.74044036865234,197.4805450439453,266.8483581542969,19.55745506286621,69.61750793457031,9.300000190734863
2022-06-03,106.30000305175781,122.3499984741211,113.68205261230469,189.4565887451172,262.4167175292969,18.686992645263672,68.3325424194336,8.9399995803833
2022-06-06,105.6500015258789,124.79000091552734,115.9444580078125,192.9025115966797,261.1824645996094,18.752872467041016,69.4557113647461,8.979999542236328
2022-06-07,105.27999877929688,123.0,116.27098083496094,194.29278564453125,264.8268737792969,18.892629623413086,69.18919372558594,9.130000114440918
2022-06-08,101.9000015258789,121.18000030517578,116.31515502929688,195.2759552001953,262.7958068847656,18.619054794311523,67.94229888916016,9.180000305175781
2022-06-09,98.80000305175781,116.1500015258789,113.97434997558594,182.72360229492188,257.333984375,18.01998519897461,65.88632202148438,8.680000305175781
2022-06-10,94.81999969482422,109.6500015258789,110.32789611816406,174.3520965576172,245.86627197265625,16.94765281677246,63.90648651123047,8.260000228881836
2022-06-13,86.98999786376953,103.66999816894531,105.59465789794922,163.1205291748047,235.4384307861328,15.622713088989258,60.965309143066406,7.639999866485596
2022-06-14,86.98999786376953,102.30999755859375,105.91522216796875,162.59422302246094,237.60560607910156,15.811418533325195,67.31407165527344,7.820000171661377
2022-06-15,89.30000305175781,107.66999816894531,108.94137573242188,168.17526245117188,244.6708984375,16.501344680786133,66.34320831298828,8.119999885559082
2022-06-16,82.05000305175781,103.66000366210938,105.23834991455078,159.7540740966797,238.07212829589844,15.576783180236816,65.40088653564453,7.670000076293945
2022-06-17,81.56999969482422,106.22000122070312,106.34001922607422,162.60415649414062,240.6766357421875,15.855350494384766,64.45855712890625,8.239999771118164
2022-06-21,83.79000091552734,108.68000030517578,110.70751953125,155.96058654785156,246.59515380859375,16.540281295776367,64.42047882080078,8.710000038146973
2022-06-22,83.75,108.94999694824219,110.65145111083984,154.76890563964844,246.00233459472656,16.334606170654297,63.32585144042969,9.010000228881836
2022-06-23,82.43000030517578,112.44000244140625,111.4002914428711,157.64878845214844,251.5709686279297,16.199811935424805,64.37289428710938,9.460000038146973
2022-06-24,87.08000183105469,116.45999908447266,117.09030151367188,168.97962951660156,260.1620788574219,17.099416732788086,67.29503631591797,10.1899995803833
2022-06-27,86.16000366210938,113.22000122070312,114.96485137939453,168.31427001953125,257.43115234375,16.842815399169922,67.01900482177734,9.619999885559082
2022-06-28,80.77999877929688,107.4000015258789,111.16754150390625,159.56536865234375,249.2580108642578,15.95719051361084,65.27713012695312,9.3100004196167
2022-06-29,77.98999786376953,108.91999816894531,110.86384582519531,162.8027801513672,252.9315643310547,15.517873764038086,65.87680053710938,9.229999542236328
2022-06-30,76.47000122070312,106.20999908447266,108.1458740234375,160.13140869140625,249.59815979003906,15.135469436645508,66.5050048828125,9.069999694824219
2022-07-01,73.66999816894531,109.55999755859375,107.92206573486328,158.91989135742188,252.2707061767578,14.500455856323242,67.45685577392578,9.270000457763672
2022-07-05,75.19999694824219,113.5,112.41362762451172,167.02330017089844,255.44863891601562,14.940773010253906,68.52291870117188,10.069999694824219
2022-07-06,75.3499984741211,114.33000183105469,113.71281433105469,168.59234619140625,258.71405029296875,15.106513023376465,68.20880126953125,9.800000190734863
2022-07-07,79.30000305175781,116.33000183105469,117.89224243164062,170.99554443359375,260.8423767089844,15.833386421203613,68.37061309814453,10.180000305175781
2022-07-08,79.3499984741211,115.54000091552734,118.45846557617188,169.69464111328125,260.1232604980469,15.813414573669434,68.40869140625,10.170000076293945
2022-07-11,76.94999694824219,111.75,114.80903625488281,161.7501220703125,257.0618896484375,15.128479957580566,68.42782592773438,9.5600004196167
2022-07-12,76.36000061035156,109.22000122070312,113.16545867919922,162.13742065429688,246.52711486816406,15.058589935302734,67.3187484741211,9.489999771118164
2022-07-13,77.5199966430664,110.4000015258789,110.51846313476562,162.35589599609375,245.60389709472656,15.140461921691895,66.9554214477539,9.279999732971191
2022-07-14,78.5999984741211,110.62999725341797,109.53985595703125,156.95364379882812,246.9255828857422,15.348137855529785,66.40089416503906,8.899999618530273
2022-07-15,81.11000061035156,113.55000305175781,110.93927001953125,163.55751037597656,249.4912567138672,15.737532615661621,67.63423919677734,9.039999961853027
2022-07-18,81.43000030517578,113.76000213623047,108.21237182617188,166.0699462890625,247.0908203125,16.076005935668945,67.12752532958984,9.029999732971191
2022-07-19,85.87999725341797,118.20999908447266,112.95653533935547,174.56063842773438,252.2221221923828,16.965621948242188,69.06838989257812,9.34000015258789
2022-07-20,89.43000030517578,122.7699966430664,113.04586029052734,181.81993103027344,254.8849639892578,17.779356002807617,69.40303039550781,10.109999656677246
2022-07-21,91.08999633789062,124.62999725341797,113.4825668334961,181.8993682861328,257.38262939453125,18.021984100341797,71.26740264892578,10.489999771118164
2022-07-22,88.0999984741211,122.41999816894531,107.09085083007812,168.0957794189453,253.02870178222656,17.2921142578125,71.61161041259766,9.84000015258789
2022-07-25,87.54000091552734,121.13999938964844,106.70378112792969,165.49395751953125,251.54183959960938,16.997575759887695,71.57335662841797,9.680000305175781
2022-07-26,85.25,114.80999755859375,104.23245239257812,158.04600524902344,244.80694580078125,16.50733757019043,70.7798080444336,9.399999618530273
2022-07-27,89.81999969482422,120.97000122070312,112.212158203125,168.40365600585938,261.1727294921875,17.76238250732422,72.53902435302734,10.020000457763672
2022-07-28,91.66999816894531,122.27999877929688,113.36346435546875,159.60508728027344,268.6267395019531,17.956085205078125,73.65766906738281,10.130000114440918
2022-07-29,94.47000122070312,134.9499969482422,115.44770812988281,157.99635314941406,272.8348388671875,18.134807586669922,74.42253875732422,10.350000381469727
2022-08-01,96.77999877929688,135.38999938964844,113.9986572265625,158.820556640625,270.1817321777344,18.412376403808594,74.04010009765625,10.470000267028809
2022-08-02,99.29000091552734,134.16000366210938,114.2666244506836,159.0787811279297,267.0815734863281,18.497243881225586,72.9979476928711,10.920000076293945
2022-08-03,98.08999633789062,139.52000427246094,117.19451904296875,167.6290740966797,274.51617431640625,18.86367416381836,73.97318267822266,11.199999809265137
2022-08-04,103.91000366210938,142.57000732421875,117.3036880493164,169.38677978515625,275.6629333496094,19.185171127319336,74.00184631347656,11.319999694824219
2022-08-05,102.30999755859375,140.8000030517578,116.5890884399414,165.95077514648438,274.94378662109375,18.959524154663086,73.95404815673828,11.449999809265137
2022-08-08,100.06999969482422,139.41000366210938,116.42036437988281,169.0689697265625,272.4267578125,17.765378952026367,73.11268615722656,9.819999694824219
2022-08-09,95.54000091552734,137.8300018310547,115.75538635253906,167.36094665527344,274.3509826660156,17.059476852416992,73.39950561523438,9.25
2022-08-10,99.05000305175781,142.69000244140625,118.80235290527344,177.10287475585938,281.0177001953125,18.06890869140625,74.13571166992188,9.59000015258789
2022-08-11,98.12000274658203,140.63999938964844,117.94880676269531,176.25877380371094,278.9380187988281,17.914148330688477,73.77239227294922,9.420000076293945
2022-08-12,100.83000183105469,143.5500030517578,120.76751708984375,179.24789428710938,283.6903991699219,18.679956436157227,75.6750259399414,9.90999984741211
2022-08-15,101.01000213623047,143.17999267578125,121.16452026367188,179.63519287109375,285.2064514160156,19.002456665039062,75.63676452636719,9.90999984741211
2022-08-16,100.19999694824219,144.77999877929688,120.78736877441406,178.2250518798828,284.46783447265625,18.84969711303711,76.02876281738281,9.739999771118164
2022-08-17,98.2699966430664,142.10000610351562,118.65348815917969,173.63710021972656,283.7179260253906,18.306537628173828,75.7706298828125,9.430000305175781
2022-08-18,100.44000244140625,142.3000030517578,119.26883697509766,173.4484100341797,282.5979309082031,18.743865966796875,75.83755493164062,9.149999618530273
2022-08-19,95.94999694824219,138.22999572753906,116.3310317993164,166.7948760986328,278.682861328125,17.8212947845459,75.20652770996094,8.510000228881836
2022-08-22,92.83999633789062,133.22000122070312,113.38331604003906,161.91896057128906,270.50201416015625,17.0075626373291,73.10311126708984,8.069999694824219
2022-08-23,92.48999786376953,133.6199951171875,113.00615692138672,159.99240112304688,269.2262268066406,17.154327392578125,73.05533599853516,8.010000228881836
2022-08-24,92.7300033569336,133.8000030517578,112.83743286132812,162.1274871826172,268.5931701660156,17.195268630981445,72.82586669921875,8.100000381469727
2022-08-25,97.18000030517578,137.27999877929688,115.77523803710938,167.60919189453125,271.5732727050781,17.885194778442383,73.51423645019531,8.420000076293945
2022-08-26,91.18000030517578,130.75,109.51255798339844,160.6577911376953,261.0941162109375,16.234760284423828,71.37257385253906,7.940000057220459
2022-08-29,88.48999786376953,129.7899932861328,108.59945678710938,158.0658721923828,258.30877685546875,15.776471138000488,70.93278503417969,7.809999942779541
2022-08-30,86.94000244140625,128.72999572753906,108.123046875,156.06980895996094,256.1076965332031,15.443989753723145,70.8849868774414,7.789999961853027
2022-08-31,84.87000274658203,126.7699966430664,107.408447265625,161.79977416992188,254.64688110351562,15.070569038391113,70.89454650878906,7.71999979019165
2022-09-01,82.33000183105469,127.81999969482422,108.91705322265625,164.21292114257812,253.6047821044922,13.915366172790527,71.99404907226562,7.489999771118164
2022-09-02,80.23999786376953,127.51000213623047,107.04122924804688,159.2078857421875,249.37808227539062,13.625815391540527,71.40127563476562,7.400000095367432
2022-09-06,78.72000122070312,126.11000061035156,106.00901794433594,157.44021606445312,246.64137268066406,13.444099426269531,70.58858489990234,7.28000020980835
2022-09-07,79.61000061035156,129.47999572753906,108.62922668457031,159.27740478515625,251.35507202148438,13.696779251098633,71.21961975097656,7.389999866485596
2022-09-08,82.77999877929688,129.82000732421875,107.56725311279297,160.93580627441406,251.77378845214844,13.972432136535645,71.37257385253906,7.53000020980835
2022-09-09,85.44999694824219,133.27000427246094,109.82022857666016,167.97662353515625,257.5588073730469,14.368936538696289,72.5772705078125,7.789999961853027
2022-09-12,84.63999938964844,136.4499969482422,110.02865600585938,167.78794860839844,259.69171142578125,14.486786842346191,73.69589233398438,8.010000228881836
2022-09-13,77.02999877929688,126.81999969482422,103.53770446777344,152.0677490234375,245.4142608642578,13.11451244354248,72.70155334472656,7.480000019073486
2022-09-14,77.44999694824219,128.5500030517578,104.21259307861328,150.4192657470703,245.6382293701172,13.111517906188965,68.95366668701172,7.630000114440918
2022-09-15,76.66000366210938,126.27999877929688,102.1382827758789,148.5126190185547,238.9767303466797,12.912766456604004,67.15618133544922,8.010000228881836
2022-09-16,76.51000213623047,123.52999877929688,102.02909851074219,145.27517700195312,238.3534393310547,13.181427955627441,65.80811309814453,7.78000020980835
2022-09-19,76.7699966430664,124.66000366210938,102.29706573486328,146.99319458007812,238.13922119140625,13.36519718170166,66.03755187988281,7.860000133514404
2022-09-20,75.25,122.19000244140625,100.38155364990234,145.0765838623047,236.12318420410156,13.159456253051758,65.11972045898438,7.619999885559082
2022-09-21,74.4800033569336,118.54000091552734,98.53548431396484,141.13412475585938,232.7145233154297,13.244348526000977,63.81942367553711,7.690000057220459
2022-09-22,69.5,117.30999755859375,99.38905334472656,141.82928466796875,234.69155883789062,12.545228004455566,63.13102722167969,7.369999885559082
2022-09-23,67.95999908447266,113.77999877929688,97.99954223632812,139.4359893798828,231.71142578125,12.500284194946289,61.71601486206055,7.400000095367432
2022-09-26,66.30000305175781,115.1500015258789,97.43380737304688,135.4240264892578,231.25367736816406,12.212646484375,60.664306640625,7.53000020980835
2022-09-27,67.16999816894531,114.41000366210938,96.76883697509766,133.46766662597656,230.2407989501953,12.397414207458496,59.679527282714844,7.630000114440918
2022-09-28,68.36000061035156,118.01000213623047,99.29972076416016,140.62765502929688,234.77920532226562,12.72000789642334,60.30099105834961,7.940000057220459
2022-09-29,64.13999938964844,114.80000305175781,96.68944549560547,135.4637451171875,231.3023681640625,12.204655647277832,58.70431137084961,8.079999923706055
2022-09-30,63.36000061035156,113.0,94.9327163696289,134.73880004882812,226.82241821289062,12.123757362365723,58.388797760009766,8.130000114440918
2022-10-03,66.11000061035156,115.87999725341797,97.9002914428711,137.6484832763672,234.45782470703125,12.496291160583496,60.31055450439453,8.239999771118164
2022-10-04,67.9000015258789,121.08999633789062,100.87779998779297,139.30690002441406,242.38540649414062,13.150467872619629,62.80595397949219,8.460000038146973
2022-10-05,67.94000244140625,120.94999694824219,100.66936492919922,138.01588439941406,242.69705200195312,13.192414283752441,63.71426773071289,8.420000076293945
2022-10-06,67.8499984741211,120.30000305175781,100.65943908691406,138.1053009033203,240.3499298095703,13.113513946533203,62.43307876586914,8.470000267028809
2022-10-07,58.439998626708984,114.55999755859375,97.93998718261719,132.52427673339844,228.12745666503906,12.060837745666504,60.51132583618164,8.149999618530273
2022-10-10,57.810001373291016,113.66999816894531,97.12614440917969,132.86192321777344,223.26763916015625,11.655345916748047,59.82294464111328,8.0600004196167
2022-10-11,57.630001068115234,112.20999908447266,96.45125579833984,127.64832305908203,219.5278778076172,11.571452140808105,59.976707458496094,8.039999961853027
2022-10-12,57.849998474121094,112.9000015258789,96.8283920288086,126.61554718017578,219.85899353027344,11.485560417175293,61.29328536987305,8.069999694824219
2022-10-13,58.939998626708984,112.52999877929688,98.31714630126953,129.3861846923828,228.12745666503906,11.94498348236084,62.65792465209961,8.079999923706055
2022-10-14,55.939998626708984,106.9000015258789,95.83589172363281,125.88068389892578,222.5956268310547,11.21290397644043,61.80262756347656,7.53000020980835
2022-10-17,57.959999084472656,113.79000091552734,99.2203140258789,133.1101531982422,231.3315887451172,11.873071670532227,64.4069595336914,7.940000057220459
2022-10-18,57.91999816894531,116.36000061035156,100.01431274414062,131.8787841796875,232.2762908935547,11.95197582244873,64.41658020019531,8.15999984741211
2022-10-19,57.22999954223633,115.06999969482422,98.88286590576172,132.3057861328125,230.30897521972656,12.035868644714355,63.71504592895508,7.909999847412109
2022-10-20,57.77000045776367,115.25,99.2203140258789,130.6175994873047,229.98757934570312,12.178688049316406,66.55003356933594,8.039999961853027
2022-10-21,58.81999969482422,119.31999969482422,100.3716049194336,129.10812377929688,235.8018035888672,12.450347900390625,69.86550903320312,8.289999961853027
2022-10-24,58.70000076293945,119.81999969482422,101.75118255615234,128.82017517089844,240.79794311523438,12.583181381225586,70.07691955566406,8.270000457763672
2022-10-25,61.470001220703125,120.5999984741211,103.6965103149414,136.5561065673828,244.1189422607422,13.244348526000977,70.28834533691406,8.65999984741211
2022-10-26,59.72999954223633,115.66000366210938,94.21810913085938,128.9194793701172,225.28366088867188,12.879807472229004,71.90284729003906,8.569999694824219
2022-10-27,58.599998474121094,110.95999908447266,91.5284423828125,97.26060485839844,220.83291625976562,13.159456253051758,72.2199935913086,8.600000381469727
2022-10-28,62.0099983215332,103.41000366210938,95.56790924072266,98.5118637084961,229.71487426757812,13.816630363464355,74.34383392333984,8.640000343322754
2022-10-31,60.060001373291016,102.44000244140625,93.80126953125,92.5137710571289,226.07252502441406,13.480052947998047,75.02615356445312,8.789999961853027
2022-11-01,59.65999984741211,96.79000091552734,89.79156494140625,94.53961181640625,222.2158203125,13.52599811553955,74.10357666015625,8.649999618530273
2022-11-02,58.630001068115234,92.12000274658203,86.31781005859375,89.91194152832031,214.35643005371094,13.202402114868164,72.191162109375,8.220000267028809
2022-11-03,60.11000061035156,89.30000305175781,82.8043441772461,88.2932357788086,208.65908813476562,13.40414810180664,72.10466766357422,8.079999923706055
2022-11-04,62.189998626708984,90.9800033569336,85.93073272705078,90.16020202636719,215.61273193359375,14.138226509094238,73.0368423461914,7.929999828338623
2022-11-07,63.08000183105469,90.52999877929688,87.82640075683594,96.04905700683594,221.9236602783203,14.283045768737793,73.74798583984375,7.019999980926514
2022-11-08,63.849998474121094,89.9800033569336,88.23333740234375,95.8008041381836,222.89755249023438,14.583666801452637,72.69087982177734,7.210000038146973
2022-11-09,59.91999816894531,86.13999938964844,86.6651840209961,100.76612854003906,218.6513214111328,13.758705139160156,72.71011352539062,6.980000019073486
2022-11-10,68.47000122070312,96.62999725341797,93.23554229736328,111.0939712524414,236.6393585205078,15.730223655700684,74.16122436523438,7.639999866485596
2022-11-11,72.37000274658203,100.79000091552734,95.68701171875,112.23599243164062,240.6615753173828,16.306501388549805,74.70899200439453,8.40999984741211
2022-11-14,73.52999877929688,98.48999786376953,94.98233795166016,113.42767333984375,235.24668884277344,16.274539947509766,75.46820831298828,8.100000381469727
2022-11-15,76.37000274658203,98.94000244140625,97.70178985595703,116.26783752441406,235.65573120117188,16.64507484436035,76.09285736083984,8.34000015258789
2022-11-16,72.69999694824219,97.12000274658203,98.10872650146484,112.44454193115234,236.08541870117188,15.890024185180664,76.77517700195312,8.0600004196167
2022-11-17,73.9000015258789,94.8499984741211,97.62239074707031,110.67687225341797,236.03659057617188,15.657315254211426,76.1120834350586,7.619999885559082
2022-11-18,73.56999969482422,94.13999938964844,96.69935607910156,111.2727279663086,235.5873565673828,15.389653205871582,76.6214370727539,7.389999866485596
2022-11-21,72.45999908447266,92.45999908447266,94.8830795288086,109.09791564941406,236.39796447753906,15.297768592834473,76.7079086303711,7.190000057220459
2022-11-22,75.25,93.19999694824219,96.32221984863281,110.66695404052734,239.30836486816406,16.017864227294922,78.9182357788086,7.21999979019165
2022-11-23,76.4000015258789,94.12999725341797,97.72164154052734,111.4614028930664,241.79885864257812,16.498260498046875,79.34107208251953,7.369999885559082
2022-11-25,75.13999938964844,93.41000366210938,96.72914123535156,110.63716888427734,241.7109375,16.24957275390625,79.49484252929688,7.28000020980835
2022-11-28,73.19000244140625,93.94999694824219,95.3297119140625,108.02539825439453,236.11471557617188,15.807127952575684,78.21668243408203,7.159999847412109
2022-11-29,73.38999938964844,92.41999816894531,94.4761734008789,108.70069122314453,234.71817016601562,15.619362831115723,77.69773864746094,7.079999923706055
2022-11-30,77.62999725341797,96.54000091552734,100.232666015625,117.28075408935547,249.1822967529297,16.90607261657715,79.79276275634766,7.5
2022-12-01,77.4800033569336,95.5,100.232666015625,119.60452270507812,248.74281311035156,17.117862701416016,80.83063507080078,7.860000133514404
2022-12-02,74.9800033569336,94.12999725341797,99.68679809570312,122.63336944580078,249.06509399414062,16.859121322631836,80.10027313232422,7.659999847412109
2022-12-05,73.62000274658203,91.01000213623047,98.73400115966797,121.58072662353516,244.35768127441406,16.59339141845703,76.33311462402344,7.190000057220459
2022-12-06,70.2699966430664,88.25,96.25274658203125,113.32836151123047,239.3962860107422,15.971012115478516,75.83338165283203,6.989999771118164
2022-12-07,70.13999938964844,88.45999908447266,94.22804260253906,113.13967895507812,238.66378784179688,16.1038818359375,75.70846557617188,7.070000171661377
2022-12-08,70.47000122070312,90.3499984741211,93.00725555419922,114.52997589111328,241.62303161621094,17.151832580566406,76.94816589355469,7.119999885559082
2022-12-09,68.58999633789062,89.08999633789062,92.13386535644531,115.09603118896484,239.68930053710938,16.98399543762207,76.74634552001953,7.110000133514404
2022-12-12,70.66999816894531,90.55000305175781,92.61026000976562,113.91426086425781,246.6137237548828,17.517465591430664,78.11096954345703,7.289999961853027
2022-12-13,71.6500015258789,92.48999786376953,94.91287231445312,119.31654357910156,250.9207763671875,18.05392837524414,77.41905212402344,7.5
2022-12-14,68.93000030517578,91.58000183105469,94.35707092285156,120.74653625488281,251.2137451171875,17.65632438659668,78.62992858886719,7.349999904632568
2022-12-15,66.52999877929688,88.44999694824219,90.17863464355469,115.34428405761719,243.19541931152344,16.93504524230957,76.94816589355469,7.010000228881836
2022-12-16,65.41000366210938,87.86000061035156,89.58313751220703,118.60153198242188,238.97630310058594,16.554428100585938,76.4772720336914,6.900000095367432
2022-12-19,64.58999633789062,84.91999816894531,87.77677917480469,113.68585968017578,234.8353271484375,16.237743377685547,77.36139678955078,6.349999904632568
2022-12-20,65.05000305175781,85.19000244140625,88.35242462158203,116.27776336669922,236.15380859375,16.06891632080078,77.78424072265625,6.309999942779541
2022-12-21,67.68000030517578,86.7699966430664,88.90823364257812,118.92924499511719,238.7223663330078,16.4844970703125,78.32240295410156,6.5
2022-12-22,63.86000061035156,83.79000091552734,87.10188293457031,116.30755615234375,232.62811279296875,15.32365894317627,77.35177612304688,6.320000171661377
2022-12-23,64.5199966430664,85.25,88.56085968017578,117.22117614746094,233.15550231933594,15.190791130065918,77.69773864746094,6.289999961853027
2022-12-27,63.27000045776367,83.04000091552734,86.73464965820312,116.06922149658203,231.4268035888672,14.106878280639648,77.82270050048828,6.0
2022-12-28,62.56999969482422,81.81999969482422,85.37492370605469,114.81796264648438,229.05355834960938,14.021961212158203,77.19802856445312,6.070000171661377
2022-12-29,64.81999969482422,84.18000030517578,87.78670501708984,119.42577362060547,235.3822479248047,14.588395118713379,78.226318359375,6.400000095367432
2022-12-30,64.7699966430664,84.0,87.56836700439453,119.50521850585938,234.22003173828125,14.599385261535645,78.55304718017578,6.420000076293945
2023-01-03,64.0199966430664,85.81999969482422,88.4516830444336,123.87469482421875,233.9856414794922,14.30068302154541,80.45584869384766,6.389999866485596
2023-01-04,64.66000366210938,85.13999938964844,87.41947937011719,126.48646545410156,223.75035095214844,14.734247207641602,81.18621826171875,6.579999923706055
2023-01-05,62.33000183105469,83.12000274658203,85.55358123779297,126.05943298339844,217.11891174316406,14.250734329223633,81.0228500366211,6.320000171661377
2023-01-06,63.959999084472656,86.08000183105469,86.6850357055664,129.11807250976562,219.67771911621094,14.844139099121094,82.3202133178711,6.400000095367432
2023-01-09,67.23999786376953,87.36000061035156,87.35992431640625,128.5718994140625,221.81658935546875,15.612371444702148,83.36199951171875,6.5
2023-01-10,68.05000305175781,89.87000274658203,87.7569351196289,132.06747436523438,223.50621032714844,15.89309024810791,83.43917846679688,6.699999809265137
2023-01-11,69.05999755859375,95.08999633789062,90.83367919921875,131.9681396484375,230.26463317871094,15.984996795654297,85.46485137939453,6.980000019073486
2023-01-12,70.80000305175781,95.2699966430664,90.44659423828125,135.7616729736328,232.9405975341797,16.49448585510254,85.63847351074219,7.010000228881836
2023-01-13,71.0,98.12000274658203,91.42919158935547,136.02978515625,233.64382934570312,16.882099151611328,86.04362487792969,6.960000038146973
2023-01-17,71.58999633789062,96.05000305175781,90.60540771484375,134.4210205078125,234.7376708984375,17.68429946899414,85.46485137939453,7.070000171661377
2023-01-18,70.52999877929688,95.45999908447266,90.43669128417969,132.0972442626953,230.30368041992188,17.359622955322266,83.64173126220703,6.900000095367432
2023-01-19,67.70999908447266,93.68000030517578,92.35221862792969,135.20553588867188,226.5142822265625,16.748233795166016,82.89897155761719,6.730000019073486
2023-01-20,70.06999969482422,97.25,97.2849349975586,138.4031982421875,234.61070251464844,17.8211612701416,84.16263580322266,7.019999980926514
2023-01-23,76.52999877929688,97.5199966430664,99.04167175292969,142.27615356445312,236.9156036376953,19.173803329467773,85.82176208496094,7.380000114440918
2023-01-24,74.69999694824219,96.31999969482422,96.96733093261719,142.14703369140625,236.38819885253906,19.24573516845703,86.52593994140625,7.019999980926514
2023-01-25,74.91000366210938,97.18000030517578,94.50593566894531,140.5184326171875,234.99156188964844,19.303678512573242,86.46805572509766,7.21999979019165
2023-01-26,75.16000366210938,99.22000122070312,96.7886962890625,146.27818298339844,242.2090301513672,19.782196044921875,86.65133666992188,7.239999771118164
2023-01-27,75.4000015258789,102.23999786376953,98.62481689453125,150.68740844726562,242.36529541015625,20.34463119506836,85.8410415649414,7.550000190734863
2023-01-30,72.44999694824219,100.55000305175781,96.21305084228516,146.0398712158203,237.0425567626953,19.142837524414062,84.25909423828125,7.369999885559082
2023-01-31,75.1500015258789,103.12999725341797,98.09878540039062,147.9365997314453,242.02346801757812,19.517465591430664,85.32981872558594,7.78000020980835
2023-02-01,84.63999938964844,105.1500015258789,99.67687225341797,152.05783081054688,246.8480987548828,20.92205810546875,86.8635482788086,8.199999809265137
2023-02-02,88.30999755859375,112.91000366210938,106.93205261230469,187.46054077148438,258.42138671875,21.687286376953125,86.21725463867188,8.989999771118164
2023-02-03,86.08999633789062,103.38999938964844,103.99424743652344,185.23606872558594,252.31736755371094,21.078899383544922,86.44876861572266,8.40999984741211
2023-02-06,83.68000030517578,102.18000030517578,102.12834167480469,184.7693328857422,250.7742462158203,21.067913055419922,85.39733123779297,8.3100004196167
2023-02-07,85.91000366210938,102.11000061035156,106.83280181884766,190.290771484375,261.3123474121094,22.15082359313965,84.63528442382812,8.329999923706055
2023-02-08,84.69000244140625,100.05000305175781,98.62481689453125,182.15757751464844,260.50177001953125,22.18279457092285,83.6224365234375,8.220000267028809
2023-02-09,83.20999908447266,98.23999786376953,94.29751586914062,176.685791015625,257.46435546875,22.31466293334961,83.5838623046875,7.949999809265137
2023-02-10,81.4800033569336,97.61000061035156,93.8608169555664,172.94192504882812,256.9564208984375,21.243736267089844,84.0565185546875,7.510000228881836
2023-02-13,83.12999725341797,99.54000091552734,93.9005126953125,178.18533325195312,264.9844665527344,21.766210556030273,86.255859375,7.610000133514404
2023-02-14,85.94999694824219,99.69999694824219,93.96998596191406,178.23495483398438,265.8146057128906,22.948026657104492,85.9375228881836,9.220000267028809
2023-02-15,85.18000030517578,101.16000366210938,96.21305084228516,175.9310760498047,263.6900329589844,22.74123191833496,85.21405792236328,10.109999656677246
2023-02-16,80.08000183105469,98.1500015258789,94.79376983642578,171.24380493164062,256.669921875,21.979997634887695,84.61599731445312,9.710000038146973
2023-02-17,78.5,97.19999694824219,93.64246368408203,171.68075561523438,252.66537475585938,21.366609573364258,84.19157409667969,9.199999809265137
2023-02-21,76.7699966430664,94.58000183105469,91.10166931152344,170.88632202148438,247.3880615234375,20.63434600830078,83.14977264404297,8.470000267028809
2023-02-22,76.61000061035156,95.79000091552734,90.96271514892578,169.9329833984375,246.2523193359375,20.733243942260742,83.26554870605469,8.359999656677246
2023-02-23,79.75,95.81999969482422,90.20840454101562,170.84657287597656,249.44418334960938,23.640331268310547,85.44556427001953,8.170000076293945
2023-02-24,78.08999633789062,93.5,88.46160888671875,169.20803833007812,244.01019287109375,23.26271629333496,85.5227279663086,8.09000015258789
2023-02-27,78.7699966430664,93.76000213623047,89.19606018066406,168.3639373779297,244.93055725097656,23.477495193481445,84.8475112915039,8.029999732971191
2023-02-28,78.58000183105469,94.2300033569336,89.3846435546875,173.7264862060547,244.20599365234375,23.19278335571289,84.30731964111328,7.840000152587891
2023-03-01,78.29000091552734,92.16999816894531,89.68238830566406,172.21701049804688,241.12185668945312,22.67530059814453,83.28482055664062,7.690000057220459
2023-03-02,80.44000244140625,92.12999725341797,91.3100814819336,173.31930541992188,245.86068725585938,23.290679931640625,83.89254760742188,7.96999979019165
2023-03-03,81.5199966430664,94.9000015258789,92.94770812988281,183.9649200439453,249.95330810546875,23.86610984802246,86.09185791015625,8.329999923706055
2023-03-06,81.16000366210938,93.75,94.41661834716797,183.6173858642578,251.50030517578125,23.53044319152832,86.56450653076172,8.279999732971191
2023-03-07,82.11000061035156,93.55000305175781,93.15614318847656,183.23008728027344,248.83712768554688,23.26866340637207,85.23334503173828,8.279999732971191
2023-03-08,85.37000274658203,93.91999816894531,93.543212890625,183.68687438964844,248.39651489257812,24.160919189453125,85.35875701904297,8.130000114440918
2023-03-09,84.02999877929688,92.25,91.627685546875,180.4296417236328,247.04539489746094,23.416540145874023,83.79607391357422,7.690000057220459
2023-03-10,82.66999816894531,90.7300033569336,89.95035552978516,178.26478576660156,243.3933563232422,22.9459285736084,81.09514617919922,7.349999904632568
2023-03-13,82.01000213623047,92.43000030517578,90.42675018310547,179.64512634277344,248.6119384765625,22.946924209594727,81.92471313476562,7.869999885559082
2023-03-14,87.44999694824219,94.87999725341797,93.26531982421875,192.6741180419922,255.3383026123047,24.04301643371582,81.56782531738281,7.889999866485596
2023-03-15,89.68000030517578,96.19999694824219,95.3892593383789,196.37823486328125,259.89105224609375,24.20787811279297,80.04373168945312,7.900000095367432
2023-03-16,96.5999984741211,100.04000091552734,99.56769561767578,203.50840759277344,270.42620849609375,25.51978874206543,81.81863403320312,7.980000019073486
2023-03-17,97.83999633789062,98.94999694824219,100.85794830322266,194.25308227539062,273.5885925292969,25.703638076782227,82.2430419921875,7.880000114440918
2023-03-20,96.80999755859375,97.70999908447266,100.46095275878906,196.4378204345703,266.5391845703125,25.87849235534668,83.88288879394531,8.079999923706055
2023-03-21,95.93000030517578,100.61000061035156,104.1332015991211,200.75765991210938,268.0567321777344,26.177242279052734,84.48094940185547,8.449999809265137
2023-03-22,97.58000183105469,98.69999694824219,102.5948257446289,198.4239501953125,266.59796142578125,26.446020126342773,84.78962707519531,8.210000038146973
2023-03-23,100.27999877929688,98.70999908447266,104.80809783935547,202.86294555664062,271.8556823730469,27.168420791625977,84.67386627197266,8.329999923706055
2023-03-24,97.94999694824219,98.12999725341797,104.64930725097656,204.58090209960938,274.7048645019531,26.75676155090332,84.89573669433594,8.199999809265137
2023-03-27,96.61000061035156,98.04000091552734,101.69164276123047,201.43292236328125,270.6024475097656,26.508968353271484,86.95035552978516,8.039999961853027
2023-03-28,94.55999755859375,97.23999786376953,100.27236938476562,199.2879180908203,269.4764709472656,26.388071060180664,86.6706314086914,8.0
2023-03-29,96.08999633789062,100.25,100.6296615600586,203.92550659179688,274.6460876464844,26.961593627929688,87.41338348388672,8.220000267028809
2023-03-30,97.87999725341797,102.0,100.13341522216797,206.3982391357422,278.1120910644531,27.360261917114258,87.30726623535156,8.149999618530273
2023-03-31,98.01000213623047,103.29000091552734,102.95211791992188,210.4698028564453,282.273193359375,27.75393295288086,89.63198852539062,8.449999809265137
2023-04-03,96.55999755859375,102.41000366210938,103.57740020751953,211.59197998046875,281.2255859375,27.94178009033203,90.59660339355469,8.380000114440918
2023-04-04,95.87000274658203,103.94999694824219,103.93470764160156,213.2305145263672,281.1767272949219,27.430204391479492,90.67379760742188,8.350000381469727
2023-04-05,92.55999755859375,101.0999984741211,103.68656921386719,210.01300048828125,278.39605712890625,26.858678817749023,91.53228759765625,7.980000019073486
2023-04-06,92.47000122070312,102.05999755859375,107.6069564819336,214.6009521484375,285.5042724609375,27.01454734802246,92.52583312988281,8.09000015258789
2023-04-10,95.4800033569336,102.16999816894531,105.64179992675781,213.26031494140625,283.3404541015625,27.55609893798828,90.82101440429688,8.390000343322754
2023-04-11,94.02999877929688,99.91999816894531,104.55996704101562,212.36654663085938,276.9176025390625,27.146438598632812,91.02442932128906,8.609999656677246
2023-04-12,92.33000183105469,97.83000183105469,103.85529327392578,212.51551818847656,277.56378173828125,26.472999572753906,90.95661163330078,8.329999923706055
2023-04-13,92.08999633789062,102.4000015258789,106.62437438964844,218.8214569091797,283.7810363769531,26.44102668762207,92.55488586425781,8.579999923706055
2023-04-14,91.75,102.51000213623047,108.05358123779297,219.95355224609375,280.1584167480469,26.735780715942383,92.70988464355469,8.8100004196167
2023-04-17,89.87000274658203,102.73999786376953,105.17533111572266,217.34178161621094,282.76275634765625,26.979576110839844,92.59363555908203,8.800000190734863
2023-04-18,89.77999877929688,102.30000305175781,103.71634674072266,216.3785400390625,282.341796875,27.644025802612305,93.44605255126953,8.729999542236328
2023-04-19,89.94000244140625,104.30000305175781,103.39875030517578,214.20372009277344,282.4201354980469,27.907806396484375,92.80673217773438,8.489999771118164
2023-04-20,90.11000061035156,103.80999755859375,104.50042724609375,211.59197998046875,280.1290283203125,27.081493377685547,91.85746002197266,8.149999618530273
2023-04-21,88.43000030517578,106.95999908447266,104.61952209472656,211.4132080078125,279.7862854003906,27.096479415893555,92.16743469238281,8.180000305175781
2023-04-24,87.56999969482422,106.20999908447266,105.17533111572266,211.3138885498047,275.8797302246094,27.019546508789062,92.44834899902344,8.100000381469727
2023-04-25,83.80000305175781,102.56999969482422,103.07121276855469,206.11026000976562,269.6625061035156,26.21921157836914,91.1115951538086,7.739999771118164
2023-04-26,85.94000244140625,104.9800033569336,102.9322738647461,207.94740295410156,289.1954345703125,26.933616638183594,90.7725601196289,7.739999771118164
2023-04-27,87.44000244140625,109.81999969482422,106.78317260742188,236.90512084960938,298.4576416015625,27.203392028808594,92.06088256835938,7.820000171661377
2023-04-28,89.37000274658203,105.44999694824219,106.53504180908203,238.6529541015625,300.8368835449219,27.7259578704834,91.75092315673828,7.75
2023-05-01,89.69000244140625,102.05000305175781,106.39610290527344,241.49307250976562,299.1723937988281,28.8859920501709,91.89620971679688,7.78000020980835
2023-05-02,89.91000366210938,103.62999725341797,104.53019714355469,237.58041381835938,299.0255126953125,28.186574935913086,91.82839965820312,7.590000152587891
2023-05-03,81.62000274658203,103.6500015258789,104.61952209472656,235.38575744628906,298.0366516113281,27.778913497924805,91.80902099609375,7.559999942779541
2023-05-04,86.61000061035156,104.0,103.90492248535156,231.9001007080078,299.0255126953125,27.539113998413086,91.99308776855469,7.380000114440918
2023-05-05,89.83999633789062,105.66000366210938,104.77832794189453,231.16522216796875,304.156005859375,28.656185150146484,93.93038177490234,7.409999847412109
2023-05-08,95.04000091552734,105.83000183105469,106.9618148803711,231.65182495117188,302.19781494140625,29.126792907714844,93.75602722167969,7.739999771118164
2023-05-09,95.05999755859375,106.62000274658203,106.54496765136719,231.7511444091797,300.58233642578125,28.547277450561523,93.12641906738281,9.550000190734863
2023-05-10,97.0199966430664,110.19000244140625,110.91197204589844,231.463134765625,305.78131103515625,28.861011505126953,94.463134765625,9.9399995803833
2023-05-11,97.0999984741211,112.18000030517578,115.69583892822266,234.15435791015625,303.62725830078125,28.55426788330078,94.38565063476562,9.880000114440918
2023-05-12,95.26000213623047,110.26000213623047,116.62879943847656,232.18809509277344,302.51116943359375,28.316465377807617,94.78280639648438,9.5
2023-05-15,97.4000015258789,111.19999694824219,115.63629150390625,237.20306396484375,302.99090576171875,28.928958892822266,94.2112808227539,9.520000457763672
2023-05-16,101.4800033569336,113.4000015258789,118.6137924194336,237.16336059570312,305.2232666015625,29.188739776611328,95.1702651977539,9.470000267028809
2023-05-17,103.75,115.5,119.9338150024414,240.80787658691406,308.10809326171875,30.15294075012207,96.6426010131836,10.25
2023-05-18,107.93000030517578,118.1500015258789,121.90890502929688,245.13763427734375,312.543212890625,31.65169334411621,99.13204956054688,11.739999771118164
2023-05-19,105.81999969482422,116.25,121.83941650390625,243.93603515625,312.3666687011719,31.238035202026367,99.61637115478516,11.710000038146973
2023-05-22,108.0,115.01000213623047,124.11224365234375,246.59742736816406,315.1533508300781,31.150115966796875,98.57991790771484,11.84000015258789
2023-05-23,108.12000274658203,114.98999786376953,121.64089965820312,245.0283966064453,309.3444519042969,30.662517547607422,95.45117950439453,12.640000343322754
2023-05-24,108.2699966430664,116.75,119.99337005615234,247.48129272460938,307.9609069824219,30.51263999938965,95.23807525634766,12.229999542236328
2023-05-25,120.3499984741211,115.0,122.55402374267578,250.93711853027344,319.804443359375,37.948463439941406,101.02094268798828,12.84000015258789
2023-05-26,127.02999877929688,120.11000061035156,123.675537109375,260.2222900390625,326.6436462402344,38.913658142089844,100.8175048828125,13.649999618530273
2023-05-30,125.2699966430664,121.66000366210938,122.74259948730469,260.6989440917969,324.9950866699219,40.07769012451172,101.85397338867188,14.710000038146973
2023-05-31,118.20999908447266,120.58000183105469,121.94860076904297,262.8836364746094,322.2280578613281,37.80257797241211,102.61921691894531,14.710000038146973
2023-06-01,119.47000122070312,122.7699966430664,122.7922134399414,270.7189025878906,326.3394470214844,39.73697280883789,102.66764831542969,14.539999961853027
2023-06-02,117.86000061035156,124.25,123.7350845336914,270.7189025878906,329.1065368652344,39.29433822631836,102.5707778930664,14.520000457763672
2023-06-05,117.93000030517578,125.30000305175781,125.06504821777344,269.50738525390625,329.63641357421875,39.13847351074219,103.57817840576172,15.239999771118164
2023-06-06,124.2300033569336,126.61000061035156,126.35529327392578,269.2392883300781,327.4188232421875,38.62190246582031,103.74285125732422,15.460000038146973
2023-06-07,117.83000183105469,121.2300033569336,121.58135986328125,261.7714538574219,317.31207275390625,37.447750091552734,101.95084381103516,14.6899995803833
2023-06-08,121.05000305175781,124.25,121.22406768798828,262.74462890625,319.15679931640625,38.48200607299805,104.11094665527344,15.1899995803833
2023-06-09,124.91999816894531,123.43000030517578,121.31340026855469,263.112060546875,320.6580810546875,38.74181365966797,106.40665435791016,15.020000457763672
2023-06-12,129.19000244140625,126.56999969482422,122.71280670166016,269.16973876953125,325.62310791015625,39.45329666137695,112.7803955078125,15.649999618530273
2023-06-13,124.52999877929688,126.66000366210938,122.9013900756836,269.4378967285156,328.017333984375,40.99217987060547,113.02255249023438,16.0
2023-06-14,127.33000183105469,126.41999816894531,122.74259948730469,271.45379638671875,331.0101318359375,42.96574020385742,118.43730926513672,15.90999984741211
2023-06-15,124.23999786376953,127.11000061035156,124.15193176269531,279.8749694824219,341.5682067871094,42.62199401855469,122.58317565917969,16.600000381469727
2023-06-16,120.08000183105469,125.48999786376953,122.6036376953125,279.0507507324219,335.9064636230469,42.66095733642578,121.52733612060547,16.299999237060547
2023-06-20,118.93000030517578,125.77999877929688,122.17686462402344,282.3576354980469,331.706787109375,43.77614974975586,118.21453094482422,15.789999961853027
2023-06-21,112.11000061035156,124.83000183105469,119.64598846435547,279.6863098144531,327.301025390625,43.013702392578125,118.27265930175781,14.640000343322754
2023-06-22,110.69999694824219,130.14999389648438,122.22649383544922,282.9037780761719,333.33563232421875,42.993717193603516,116.80030822753906,14.050000190734863
2023-06-23,110.01000213623047,129.3300018310547,121.42256164550781,286.72711181640625,328.7336120605469,42.17831039428711,114.92111206054688,14.029999732971191
2023-06-26,107.51000213623047,127.33000183105469,117.45256042480469,276.5382995605469,322.43414306640625,40.60246276855469,113.11943054199219,13.9399995803833
2023-06-27,110.38999938964844,129.17999267578125,117.442626953125,285.05877685546875,328.2921142578125,41.84555435180664,114.14619445800781,14.609999656677246
2023-06-28,110.16999816894531,129.0399932861328,119.27875518798828,283.3110046386719,329.5481262207031,41.08710861206055,112.87725067138672,15.279999732971191
2023-06-29,111.23999786376953,127.9000015258789,118.20685577392578,279.5770568847656,328.7630920410156,40.792320251464844,114.08808898925781,15.199999809265137
2023-06-30,113.91000366210938,130.36000061035156,118.80235290527344,284.98931884765625,334.15008544921875,42.271244049072266,115.35699462890625,15.329999923706055
2023-07-03,115.81999969482422,130.22000122070312,119.0008544921875,284.0359191894531,331.64794921875,42.382164001464844,113.47783660888672,15.520000457763672
2023-07-05,113.94999694824219,130.3800048828125,120.83698272705078,292.3279724121094,331.8049011230469,42.28623962402344,112.32511901855469,15.699999809265137
2023-07-06,113.4800033569336,128.36000061035156,119.20929718017578,289.9645080566406,334.8663635253906,42.072391510009766,111.83111572265625,15.130000114440918
2023-07-07,113.16999816894531,129.77999877929688,118.58401489257812,288.5146484375,330.89239501953125,42.47209930419922,111.01744079589844,15.34000015258789
2023-07-10,113.58000183105469,127.12999725341797,115.57673645019531,292.05987548828125,325.60345458984375,42.14933776855469,110.79464721679688,16.299999237060547
2023-07-11,111.31999969482422,128.77999877929688,116.26155853271484,296.2208251953125,326.23150634765625,42.374176025390625,111.66948699951172,16.489999771118164
2023-07-12,114.58000183105469,130.8000030517578,118.03813934326172,307.19415283203125,330.87274169921875,43.87008285522461,112.77764129638672,16.59000015258789
2023-07-13,115.91999816894531,134.3000030517578,123.6060791015625,311.23590087890625,336.23028564453125,45.943572998046875,114.16766357421875,16.739999771118164
2023-07-14,115.94000244140625,134.67999267578125,124.4794692993164,306.7274169921875,338.7618713378906,45.43593978881836,115.93680572509766,16.399999618530273
2023-07-17,118.31999969482422,133.55999755859375,123.71524047851562,308.4652099609375,339.2427062988281,46.427215576171875,115.56743621826172,17.399999618530273
2023-07-18,117.93000030517578,132.8300018310547,122.83191680908203,309.8853454589844,352.7445068359375,47.459468841552734,117.3948974609375,18.079999923706055
2023-07-19,116.43000030517578,135.36000061035156,121.11488342285156,313.81787109375,348.4172668457031,47.04277038574219,115.3730239868164,18.049999237060547
2023-07-20,110.25,129.9600067138672,118.30610656738281,300.42144775390625,340.361328125,45.486900329589844,112.64155578613281,17.1299991607666
2023-07-21,110.94999694824219,130.0,119.11994934082031,292.2187194824219,337.3194580078125,44.27677917480469,114.36209106445312,16.43000030517578
2023-07-24,110.61000061035156,128.8000030517578,120.61863708496094,289.587158203125,338.6343078613281,44.57957077026367,114.77035522460938,16.31999969482422
2023-07-25,113.0,129.1300048828125,121.29354858398438,292.42730712890625,344.3941955566406,45.645790100097656,114.65369415283203,16.549999237060547
2023-07-26,110.08999633789062,128.14999389648438,128.30059814453125,296.4989013671875,331.4320373535156,45.41896057128906,112.27217864990234,16.43000030517578
2023-07-27,111.0999984741211,128.25,128.42959594726562,309.5476989746094,324.5142822265625,45.86663055419922,113.14703369140625,16.149999618530273
2023-07-28,112.95999908447266,132.2100067138672,131.5857696533203,323.22222900390625,332.0207824707031,46.71601104736328,112.74848175048828,17.809999465942383
2023-07-31,114.4000015258789,133.67999267578125,131.7247314453125,316.38995361328125,329.6167907714844,46.695030212402344,113.95382690429688,19.84000015258789
2023-08-01,117.5999984741211,131.69000244140625,130.5634765625,320.4713439941406,330.0289306640625,46.47319030761719,114.61483764648438,19.989999771118164
2023-08-02,109.3499984741211,128.2100067138672,127.41726684570312,312.1296691894531,321.3547668457031,44.23681640625,112.47630310058594,18.969999313354492
2023-08-03,113.1500015258789,128.91000366210938,127.48674011230469,311.0174560546875,320.5304870605469,44.482635498046875,111.34872436523438,18.709999084472656
2023-08-04,115.81999969482422,139.57000732421875,127.14928436279297,308.57452392578125,321.6295166015625,44.64751434326172,111.2417984008789,18.200000762939453
2023-08-07,116.80999755859375,142.22000122070312,130.5436553955078,314.36407470703125,323.915771484375,45.38397979736328,112.85540771484375,17.989999771118164
2023-08-08,113.2300033569336,139.94000244140625,130.4145965576172,310.4712829589844,319.9320068359375,44.631534576416016,112.00971984863281,17.040000915527344
2023-08-09,110.47000122070312,137.85000610351562,128.6876678466797,303.0928039550781,316.18365478515625,42.52305603027344,109.93924713134766,15.25
2023-08-10,110.2300033569336,138.55999755859375,128.71746826171875,303.6191711425781,316.8705139160156,42.357181549072266,109.83231353759766,15.40999984741211
2023-08-11,107.56999969482422,138.41000366210938,128.58840942382812,299.5476379394531,314.9865417480469,40.82529067993164,109.90035247802734,15.40999984741211
2023-08-14,111.9800033569336,140.57000732421875,130.3451385498047,304.0660400390625,317.9596862792969,43.721187591552734,112.34022521972656,15.720000267028809
2023-08-15,111.3499984741211,137.6699981689453,128.8067626953125,299.85540771484375,315.820556640625,43.908050537109375,114.01213836669922,15.369999885559082
2023-08-16,107.19000244140625,135.07000732421875,127.73487091064453,292.24853515625,315.0535888671875,43.45438003540039,112.11664581298828,15.449999809265137
2023-08-17,104.44000244140625,133.97999572753906,128.94570922851562,283.1123962402344,311.5923767089844,43.31249237060547,111.66948699951172,14.149999618530273
2023-08-18,105.44999694824219,133.22000122070312,126.50416564941406,281.2851257324219,311.1990661621094,43.267520904541016,113.2053451538086,14.399999618530273
2023-08-21,108.22000122070312,134.67999267578125,127.40733337402344,287.88897705078125,316.5089416503906,46.93285369873047,113.33170318603516,14.5
2023-08-22,105.66000366210938,134.25,128.11203002929688,285.6049499511719,317.0792236328125,45.634803771972656,113.28311920166016,14.670000076293945
2023-08-23,109.43000030517578,135.52000427246094,131.37734985351562,292.19891357421875,321.5434875488281,47.08175277709961,114.5467758178711,15.300000190734863
2023-08-24,101.80000305175781,131.83999633789062,128.8067626953125,284.7608947753906,314.63079833984375,47.12870788574219,109.75456237792969,14.140000343322754
2023-08-25,102.25,133.25999450683594,128.90602111816406,283.5195007324219,317.590576171875,45.98454666137695,112.81652069091797,14.529999732971191
2023-08-28,102.61000061035156,133.13999938964844,130.0275421142578,288.2464904785156,318.2985534667969,46.80094909667969,113.57472229003906,14.640000343322754
2023-08-29,105.91999816894531,134.91000366210938,133.5608673095703,295.9228515625,322.929931640625,48.748531341552734,117.27825164794922,15.399999618530273
2023-08-30,106.58999633789062,135.07000732421875,134.8610382080078,293.0529479980469,323.3036193847656,49.228179931640625,117.73511505126953,16.329999923706055
2023-08-31,105.72000122070312,138.00999450683594,135.14883422851562,293.83746337890625,322.2908020019531,49.31911849975586,117.0255126953125,14.979999542236328
2023-09-01,109.44999694824219,138.1199951171875,134.6427001953125,294.3240966796875,323.17578125,48.473731994628906,117.5504150390625,15.180000305175781
2023-09-05,110.77999877929688,137.27000427246094,134.7518310546875,298.0679016113281,327.9841613769531,48.5127067565918,120.51519775390625,15.210000038146973
2023-09-06,109.27999877929688,135.36000061035156,133.45167541503906,297.0947265625,327.32537841796875,47.03065872192383,120.85541534423828,15.300000190734863
2023-09-07,106.58999633789062,137.85000610351562,134.2456512451172,296.59814453125,324.4049377441406,46.21119689941406,121.59415435791016,15.210000038146973
2023-09-08,106.08999633789062,138.22999572753906,135.3572998046875,295.8236083984375,328.692138671875,45.54262161254883,122.78980255126953,15.130000114440918
2023-09-11,105.31999969482422,143.10000610351562,135.89321899414062,305.426513671875,332.3009033203125,45.14887237548828,123.16888427734375,15.789999961853027
2023-09-12,105.30999755859375,141.22999572753906,134.3250732421875,299.5674133300781,326.23388671875,44.84107208251953,106.54676818847656,15.59000015258789
2023-09-13,107.70999908447266,144.85000610351562,135.684814453125,302.94384765625,330.45233154296875,45.455684661865234,108.7144546508789,15.600000381469727
2023-09-14,106.62999725341797,144.72000122070312,137.06439208984375,309.5576477050781,333.0482482910156,45.551612854003906,110.48360443115234,15.829999923706055
2023-09-15,101.48999786376953,140.38999938964844,136.36961364746094,298.2267761230469,324.709716796875,43.871700286865234,110.72660827636719,15.329999923706055
2023-09-18,102.37000274658203,139.97999572753906,137.17356872558594,300.4512023925781,323.569091796875,43.937660217285156,109.07411193847656,15.460000038146973
2023-09-19,101.61000061035156,137.6300048828125,137.0048065185547,302.9538269042969,323.16595458984375,43.491943359375,109.61846923828125,15.149999618530273
2023-09-20,100.33999633789062,135.2899932861328,132.73707580566406,297.5912170410156,315.41741943359375,42.211769104003906,109.71568298339844,14.739999771118164
2023-09-21,96.11000061035156,129.3300018310547,129.46182250976562,293.6785583496094,314.1981201171875,40.99055862426758,106.3718032836914,14.0
2023-09-22,96.19999694824219,129.1199951171875,129.27322387695312,297.0052795410156,311.7202453613281,41.58317184448242,105.98297882080078,14.130000114440918
2023-09-25,97.37999725341797,131.27000427246094,130.12681579589844,298.7431640625,312.2413635253906,42.19477844238281,105.27339172363281,14.220000267028809
2023-09-26,95.95999908447266,125.9800033569336,127.6058578491211,296.8861389160156,306.9314880371094,41.88398361206055,101.94895935058594,13.960000038146973
2023-09-27,98.06999969482422,125.9800033569336,129.56106567382812,295.6745910644531,307.57061767578125,42.440616607666016,101.69624328613281,14.850000381469727
2023-09-28,102.76000213623047,125.9800033569336,131.31777954101562,301.8514404296875,308.4064025878906,43.06121826171875,103.1834716796875,15.770000457763672
2023-09-29,102.81999969482422,127.12000274658203,129.878662109375,298.12750244140625,310.4811706542969,43.47096252441406,102.95989990234375,16.0
2023-10-02,103.2699966430664,129.4600067138672,133.1638641357422,304.6916198730469,316.4302673339844,44.75313186645508,103.72781372070312,15.880000114440918
2023-10-03,100.08000183105469,124.72000122070312,131.4368896484375,298.85235595703125,308.1606140136719,43.48894119262695,101.59903717041016,14.899999618530273
2023-10-04,104.06999969482422,127.0,134.225830078125,303.460205078125,313.6376037597656,44.012611389160156,104.08748626708984,15.729999542236328
2023-10-05,102.91000366210938,125.95999908447266,134.05709838867188,302.6757507324219,314.0309753417969,44.6591911315918,105.32199096679688,15.8100004196167
2023-10-06,107.23999786376953,127.95999908447266,136.54827880859375,313.241943359375,321.7991638183594,45.73249816894531,106.88700103759766,16.610000610351562
2023-10-09,106.97000122070312,128.25999450683594,137.38197326660156,316.15155029296875,324.31640625,45.243812561035156,107.2369384765625,17.610000610351562
2023-10-10,109.01000213623047,129.47999572753906,137.02468872070312,319.6074523925781,322.91033935546875,45.76847457885742,106.64398193359375,17.799999237060547
2023-10-11,108.30999755859375,131.8300018310547,139.4960174560547,325.5459899902344,326.8730773925781,46.775821685791016,106.9659423828125,17.920000076293945
2023-10-12,108.79000091552734,132.3300018310547,137.92787170410156,321.911376953125,325.6340637207031,46.91473388671875,106.4488754272461,17.940000534057617
2023-10-13,105.08999633789062,129.7899932861328,136.32992553710938,312.50701904296875,322.2613525390625,45.43168258666992,105.60983276367188,17.360000610351562
2023-10-16,106.45999908447266,132.5500030517578,138.056884765625,318.9222412109375,327.0893859863281,46.06528854370117,106.05860137939453,17.360000610351562
2023-10-17,105.13999938964844,131.47000122070312,138.6722412109375,321.75244140625,326.5190734863281,43.909671783447266,106.38056182861328,17.84000015258789
2023-10-18,102.16999816894531,128.1300048828125,136.92543029785156,314.7712097167969,324.6015625,42.16879653930664,105.60983276367188,17.200000762939453
2023-10-19,102.4000015258789,128.39999389648438,136.7169952392578,310.6400451660156,325.7913818359375,42.07386016845703,105.69762420654297,17.059999465942383
2023-10-20,101.80999755859375,125.16999816894531,134.5831298828125,306.5089416503906,321.2189636230469,41.36031723022461,99.36593627929688,16.110000610351562
2023-10-23,100.01000213623047,126.55999755859375,135.47637939453125,311.8317565917969,323.82476806640625,42.947296142578125,101.13179779052734,16.200000762939453
2023-10-24,101.66999816894531,128.55999755859375,137.76905822753906,310.3818664550781,325.0145568847656,43.634849548339844,100.68299865722656,16.639999389648438
2023-10-25,96.05999755859375,121.38999938964844,124.66803741455078,297.45220947265625,334.9854431152344,41.75206756591797,98.95616912841797,15.59000015258789
2023-10-26,93.66999816894531,119.56999969482422,121.36300659179688,286.3497009277344,322.41864013671875,40.30000305175781,97.95128631591797,15.289999961853027
2023-10-27,96.43000030517578,127.73999786376953,121.25383758544922,294.671630859375,324.3066101074219,40.47389221191406,98.52690124511719,15.069999694824219
2023-10-30,96.18000030517578,132.7100067138672,123.52667236328125,300.5605163574219,331.6814880371094,41.134464263916016,99.17081451416016,14.6899995803833
2023-10-31,98.5,133.08999633789062,123.14952850341797,299.1800842285156,332.46807861328125,40.75370788574219,100.87813568115234,14.800000190734863
2023-11-01,108.04000091552734,137.0,125.50173950195312,309.6867370605469,340.2953186035156,42.29772186279297,103.1707992553711,14.920000076293945
2023-11-02,107.83000183105469,138.07000732421875,126.53395080566406,308.71356201171875,342.5077209472656,43.47794723510742,104.26348876953125,17.969999313354492
2023-11-03,112.25,138.60000610351562,128.1318817138672,312.41766357421875,346.9129638671875,44.975990295410156,105.41471862792969,18.889999389648438
2023-11-06,111.75,139.74000549316406,129.27322387695312,313.6093444824219,350.58074951171875,45.72150802612305,106.4488754272461,18.540000915527344
2023-11-07,113.44999694824219,142.7100067138672,129.98785400390625,316.6083984375,354.5140075683594,45.92537307739258,106.33179473876953,18.799999237060547
2023-11-08,113.58999633789062,142.0800018310547,130.851318359375,317.5617370605469,357.139404296875,46.543975830078125,109.59032440185547,18.489999771118164
2023-11-09,113.48999786376953,140.60000610351562,129.26333618164062,318.3263854980469,354.67132568359375,46.91972732543945,109.44398498535156,18.270000457763672
2023-11-10,118.58999633789062,143.55999755859375,131.59568786621094,326.4893493652344,363.5014953613281,48.303836822509766,110.3122787475586,19.670000076293945
2023-11-13,116.79000091552734,142.58999633789062,131.09945678710938,326.90643310546875,360.56134033203125,48.588653564453125,111.36593627929688,19.709999084472656
2023-11-14,119.87999725341797,145.8000030517578,132.61798095703125,333.97705078125,364.0914306640625,49.62398910522461,113.26837921142578,19.940000534057617
2023-11-15,118.0,143.1999969482422,133.61045837402344,330.40203857421875,364.2392883300781,48.856483459472656,111.27812194824219,19.950000762939453
2023-11-16,119.83000183105469,142.8300018310547,135.9031524658203,331.8717956542969,370.64373779296875,49.44810104370117,111.87325286865234,19.770000457763672
2023-11-17,120.62000274658203,145.17999267578125,134.29530334472656,332.71588134765625,364.4165954589844,49.26622009277344,112.54643249511719,20.489999771118164
2023-11-20,121.52999877929688,146.1300048828125,135.22824096679688,337.6116943359375,371.8951110839844,50.37649917602539,114.06837463378906,21.34000015258789
2023-11-21,119.16000366210938,143.89999389648438,135.94284057617188,334.6424560546875,367.5892639160156,49.91180419921875,113.24886322021484,19.799999237060547
2023-11-22,122.51000213623047,146.7100067138672,137.4514617919922,339.12109375,372.2991027832031,48.68458938598633,113.40496063232422,19.690000534057617
2023-11-24,122.30999755859375,146.74000549316406,135.66494750976562,335.88372802734375,371.8852844238281,47.745201110839844,113.41471099853516,19.200000762939453
2023-11-27,122.6500015258789,147.72999572753906,135.38705444335938,332.3782653808594,373.04791259765625,48.21089553833008,113.62934875488281,19.079999923706055
2023-11-28,122.01000213623047,147.02999877929688,136.17112731933594,336.638427734375,377.07781982421875,47.79016876220703,113.40496063232422,19.709999084472656
2023-11-29,123.8499984741211,146.32000732421875,133.97772216796875,329.8955993652344,373.28436279296875,48.108970642089844,113.37569427490234,19.84000015258789
2023-11-30,121.16000366210938,146.08999633789062,131.5361328125,324.8806457519531,373.343505859375,46.73985290527344,113.37569427490234,20.049999237060547
2023-12-01,121.38999938964844,147.02999877929688,130.8711700439453,322.5667419433594,369.0081787109375,46.7348518371582,114.30252838134766,20.270000457763672
2023-12-04,118.56999969482422,144.83999633789062,128.30059814453125,317.8000793457031,363.717041015625,45.480655670166016,112.9561767578125,18.399999618530273
2023-12-05,118.37999725341797,146.8800048828125,130.00772094726562,316.08209228515625,367.0473937988281,46.54007339477539,111.73666381835938,18.299999237060547
2023-12-06,116.81999969482422,144.52000427246094,129.0449676513672,315.24786376953125,363.38201904296875,45.477664947509766,109.29764556884766,17.1299991607666
2023-12-07,128.3699951171875,146.8800048828125,135.9031524658203,324.3244934082031,365.5004577636719,46.5700569152832,110.1171646118164,17.219999313354492
2023-12-08,128.9199981689453,147.4199981689453,133.97772216796875,330.4417724609375,368.7322692871094,47.47954559326172,110.83910369873047,17.770000457763672
2023-12-11,134.41000366210938,145.88999938964844,132.29043579101562,323.0235595703125,365.84527587890625,46.601036071777344,112.32202911376953,17.770000457763672
2023-12-12,137.61000061035156,147.47999572753906,131.5262451171875,331.90155029296875,368.8800964355469,47.63046646118164,98.3512954711914,17.5
2023-12-13,138.19000244140625,148.83999633789062,131.57586669921875,332.4179382324219,368.87017822265625,48.06122970581055,100.47811889648438,17.8700008392334
2023-12-14,138.0,147.4199981689453,130.95059204101562,330.85882568359375,360.55419921875,48.32307815551758,97.86347961425781,18.209999084472656
2023-12-15,139.14999389648438,149.97000122070312,131.60562133789062,332.5966491699219,365.28369140625,48.86277389526367,100.80006408691406,18.200000762939453
2023-12-18,138.89999389648438,154.07000732421875,134.78164672851562,342.2294006347656,367.17547607421875,50.04911804199219,102.43910217285156,17.84000015258789
2023-12-19,140.14999389648438,153.7899932861328,135.625244140625,347.92962646484375,367.7765197753906,49.57637405395508,103.65861511230469,17.950000762939453
2023-12-20,135.47000122070312,152.1199951171875,137.30258178710938,346.8570556640625,365.1752624511719,48.08420944213867,101.6098403930664,17.25
2023-12-21,139.91000366210938,153.83999633789062,139.36697387695312,351.63372802734375,368.0523986816406,48.96272277832031,103.27811431884766,17.59000015258789
2023-12-22,139.60000610351562,153.4199981689453,140.42897033691406,350.9385986328125,369.07708740234375,48.80281448364258,103.60983276367188,17.40999984741211
2023-12-26,143.41000366210938,153.41000366210938,140.45872497558594,352.3686218261719,369.1559753417969,49.251556396484375,103.60006713867188,17.68000030517578
2023-12-27,146.07000732421875,153.33999633789062,139.3173370361328,355.3477478027344,368.5746154785156,49.38948059082031,103.3561782836914,17.469999313354492
2023-12-28,148.75999450683594,153.3800048828125,139.1783905029297,355.8343505859375,369.766845703125,49.49442672729492,103.65861511230469,17.559999465942383
2023-12-29,147.41000366210938,151.94000244140625,138.64247131347656,351.504638671875,370.5156555175781,49.49442672729492,102.85861206054688,17.170000076293945
2024-01-02,138.5800018310547,149.92999267578125,137.1338348388672,343.88787841796875,365.421630859375,48.14117431640625,101.52201843261719,16.579999923706055
2024-01-03,135.32000732421875,148.47000122070312,137.87823486328125,342.0804748535156,365.15557861328125,47.542510986328125,99.96104431152344,16.09000015258789
2024-01-04,136.00999450683594,144.57000732421875,135.3671875,344.7120666503906,362.5346374511719,47.971275329589844,100.08787536621094,16.25
2024-01-05,138.5800018310547,145.24000549316406,134.71214294433594,349.5085754394531,362.34747314453125,49.069664001464844,100.2244644165039,15.979999542236328
2024-01-08,146.17999267578125,149.10000610351562,137.79881286621094,356.1720275878906,369.1855163574219,52.22391128540039,102.10739135742188,16.670000076293945
2024-01-09,149.25999450683594,151.3699951171875,139.89300537109375,354.9505615234375,370.26934814453125,53.110416412353516,101.10250854492188,16.389999389648438
2024-01-10,148.5399932861328,153.72999572753906,141.21302795410156,367.90008544921875,377.1467590332031,54.319740295410156,101.77828979492188,16.790000915527344
2024-01-11,148.02000427246094,155.17999267578125,141.01454162597656,367.1056213378906,378.9794616699219,54.791473388671875,102.61077117919922,16.68000030517578
2024-01-12,146.55999755859375,154.6199951171875,141.5802459716797,371.8921813964844,382.7630920410156,54.67953109741211,104.4030532836914,16.760000228881836
2024-01-16,158.74000549316406,153.16000366210938,141.42147827148438,364.9109802246094,384.53662109375,56.350608825683594,104.3736801147461,16.530000686645508
2024-01-17,160.1699981689453,151.7100067138672,140.4091033935547,365.8146667480469,383.7483215332031,56.021793365478516,104.236572265625,16.389999389648438
2024-01-18,162.6699981689453,153.5,142.4040069580078,373.5208740234375,388.0837097167969,57.07520294189453,106.45977783203125,16.399999618530273
2024-01-19,174.22999572753906,155.33999633789062,145.28228759765625,380.7900390625,392.813232421875,59.45787811279297,107.4097900390625,16.780000686645508
2024-01-22,168.17999267578125,154.77999877929688,144.89523315429688,379.1316223144531,390.6849670410156,59.620784759521484,107.83092498779297,17.600000381469727
2024-01-23,168.4199981689453,156.02000427246094,145.93734741210938,382.5279541015625,393.0398254394531,59.839664459228516,109.52528381347656,17.329999923706055
2024-01-24,178.2899932861328,156.8699951171875,147.5848846435547,387.9897766113281,396.6460876464844,61.32783508300781,111.95416259765625,16.75
2024-01-25,180.3300018310547,157.75,150.73109436035156,390.45257568359375,398.9221496582031,61.58268737792969,112.62994384765625,16.459999084472656
2024-01-26,177.25,159.1199951171875,151.0487060546875,391.40594482421875,397.99591064453125,60.99701690673828,112.2773666381836,16.350000381469727
2024-01-29,177.8300018310547,161.25999450683594,152.3588104248047,398.2381286621094,403.70086669921875,62.43021774291992,111.40570068359375,17.09000015258789
2024-01-30,172.05999755859375,159.0,150.32420349121094,397.28485107421875,402.5874328613281,62.73904037475586,111.80725860595703,16.739999771118164
2024-01-31,167.69000244140625,155.1999969482422,139.0493927001953,387.43365478515625,391.73919677734375,61.492740631103516,109.39795684814453,16.09000015258789
2024-02-01,170.47999572753906,159.27999877929688,140.1014404296875,392.0414733886719,397.8481750488281,62.99190902709961,113.14901733398438,16.329999923706055
2024-02-02,177.66000366210938,171.80999755859375,141.31228637695312,471.695068359375,405.1788330078125,66.1231689453125,113.40367126464844,17.020000457763672
2024-02-05,174.22999572753906,170.30999755859375,142.60252380371094,456.22314453125,399.6906433105469,69.29339599609375,113.99129486083984,16.719999313354492
2024-02-06,167.8800048828125,169.14999389648438,143.01939392089844,451.565673828125,399.5329895019531,68.18501281738281,112.92376708984375,21.8700008392334
2024-02-07,170.94000244140625,170.52999877929688,144.44859313964844,466.33251953125,407.9672546386719,70.0599594116211,114.85316467285156,23.600000381469727
2024-02-08,169.35000610351562,169.83999633789062,144.81581115722656,466.73968505859375,408.0263671875,69.60221862792969,114.27532196044922,24.510000228881836
2024-02-09,172.47999572753906,174.4499969482422,147.8826446533203,464.8627624511719,414.37176513671875,72.09284210205078,114.23613739013672,24.3799991607666
2024-02-12,171.91000366210938,172.33999633789062,146.4236602783203,465.6473388671875,409.15948486328125,72.207763671875,113.45262908935547,25.049999237060547
2024-02-13,171.5399932861328,168.63999938964844,144.05157470703125,456.9281921386719,400.3508605957031,72.08785247802734,111.337158203125,24.010000228881836
2024-02-14,178.6999969482422,170.97999572753906,144.84559631347656,469.9969787597656,404.2203369140625,73.85884857177734,111.90518951416016,25.190000534057617
2024-02-15,176.75999450683594,169.8000030517578,141.69935607910156,480.67236328125,401.32806396484375,72.61753845214844,110.45568084716797,25.40999984741211
2024-02-16,173.8699951171875,169.50999450683594,139.46621704101562,470.0366516113281,398.8601989746094,72.57256317138672,109.01598358154297,24.440000534057617
2024-02-20,165.69000244140625,167.0800018310547,140.06173706054688,468.4775390625,397.60662841796875,69.413330078125,106.21493530273438,23.399999618530273
2024-02-21,164.2899932861328,168.58999633789062,141.4810028076172,465.2764892578125,397.00445556640625,67.43443298339844,105.93091583251953,22.739999771118164
2024-02-22,181.86000061035156,174.5800018310547,143.00946044921875,483.2699890136719,406.3525695800781,78.49427032470703,108.72216796875,23.59000015258789
2024-02-23,176.52000427246094,174.99000549316406,142.8804473876953,481.1823425292969,405.0594177246094,78.77312469482422,109.6427993774414,22.969999313354492
2024-02-26,176.00999450683594,174.72999572753906,136.5383758544922,478.9057922363281,402.29547119140625,79.0479736328125,108.68299865722656,23.559999465942383
2024-02-27,178.0,173.5399932861328,137.83851623535156,484.1845703125,402.23626708984375,78.65718078613281,109.08454895019531,24.530000686645508
2024-02-28,176.5399932861328,173.16000366210938,135.3572998046875,481.1723937988281,402.4731750488281,77.61976623535156,109.37836456298828,24.420000076293945
2024-02-29,192.52999877929688,176.75999450683594,137.42169189453125,487.2464599609375,408.3169860839844,79.06794738769531,109.37836456298828,25.079999923706055
2024-03-01,202.63999938964844,178.22000122070312,136.111572265625,499.3448486328125,410.1530456542969,82.2331771850586,111.4350814819336,24.93000030517578
2024-03-04,205.36000061035156,177.5800018310547,132.34999084472656,495.259033203125,409.58050537109375,85.18953704833984,111.70932006835938,24.040000915527344
2024-03-05,205.1300048828125,174.1199951171875,131.67507934570312,487.3359069824219,397.4683837890625,85.92017364501953,108.65361785888672,23.809999465942383
2024-03-06,210.6300048828125,173.50999450683594,130.4145965576172,493.17138671875,396.91558837890625,88.65476989746094,109.95620727539062,26.15999984741211
2024-03-07,211.3800048828125,176.82000732421875,133.37228393554688,509.1766662597656,403.8749084472656,92.62173461914062,112.17941284179688,26.459999084472656
2024-03-08,207.38999938964844,175.35000610351562,134.39453125,502.973388671875,400.9924621582031,87.48336791992188,110.10311126708984,26.040000915527344
2024-03-11,198.38999938964844,171.9600067138672,136.6376190185547,480.74493408203125,399.3143310546875,85.73026275634766,111.77787017822266,25.350000381469727
2024-03-12,202.75999450683594,175.38999938964844,137.46136474609375,496.80987548828125,409.9358825683594,91.86613464355469,124.91150665283203,24.700000762939453
2024-03-13,194.7899932861328,176.55999755859375,138.74168395996094,492.65447998046875,409.7581787109375,90.84165954589844,122.93313598632812,25.0
2024-03-14,187.05999755859375,178.75,142.02688598632812,488.93646240234375,419.74798583984375,87.89915466308594,122.94292449951172,24.43000030517578
2024-03-15,191.05999755859375,174.4199981689453,140.1212615966797,481.2519226074219,411.06121826171875,87.79220581054688,122.9527359008789,23.489999771118164
2024-03-18,190.64999389648438,174.47999572753906,146.57252502441406,494.05615234375,411.9496154785156,88.40989685058594,125.16614532470703,24.0
2024-03-19,181.4199981689453,175.89999389648438,145.92738342285156,493.32049560546875,415.9870300292969,89.3524169921875,126.52749633789062,23.799999237060547
2024-03-20,179.72999572753906,178.14999389648438,147.6245880126953,502.5459289550781,419.7578125,90.32591247558594,126.57647705078125,24.56999969482422
2024-03-21,178.67999267578125,178.14999389648438,146.49314880371094,504.77276611328125,423.84454345703125,91.38837432861328,126.35120391845703,24.489999771118164
2024-03-22,179.64999389648438,178.8699951171875,149.6393585205078,506.5820617675781,423.2226867675781,94.24092102050781,125.15635681152344,24.18000030517578
2024-03-25,178.6300048828125,179.7100067138672,148.94464111328125,500.0606384277344,417.4183044433594,94.95354461669922,123.48157501220703,24.510000228881836
2024-03-26,177.8699951171875,178.3000030517578,149.54013061523438,492.9725646972656,416.223876953125,92.51380157470703,123.86356353759766,24.889999389648438
2024-03-27,179.58999633789062,179.8300018310547,149.7386016845703,490.9544982910156,416.0067138671875,90.2039794921875,122.68828582763672,24.510000228881836
2024-03-28,180.49000549316406,180.3800048828125,149.79815673828125,482.72320556640625,415.3058776855469,90.30992126464844,123.02127838134766,23.010000228881836
2024-04-01,183.33999633789062,180.97000122070312,154.323974609375,488.4592590332031,419.1063537597656,90.3169174194336,122.89395141601562,22.860000610351562
2024-04-02,178.6999969482422,180.69000244140625,153.4009552001953,494.44390869140625,416.0166015625,89.40638732910156,121.7774429321289,22.719999313354492
2024-04-03,180.77000427246094,182.41000366210938,153.75823974609375,503.7586975097656,415.039306640625,88.91863250732422,123.63829040527344,22.700000762939453
2024-04-04,165.8300018310547,180.0,149.40113830566406,507.9141540527344,412.5024108886719,85.86119079589844,121.63055419921875,22.479999542236328
2024-04-05,170.4199981689453,185.07000732421875,151.35638427734375,524.2374877929688,420.0440979003906,87.963134765625,122.32591247558594,22.959999084472656
2024-04-08,169.89999389648438,185.19000244140625,153.68878173828125,516.195068359375,419.1260681152344,87.08856201171875,121.78724670410156,23.0
2024-04-09,170.77999877929688,185.6699981689453,155.42562866210938,513.8589477539062,420.7943115234375,85.31045532226562,121.07981872558594,22.809999465942383
2024-04-10,167.13999938964844,185.9499969482422,154.9691162109375,516.7717895507812,417.813232421875,86.99462127685547,119.6256332397461,22.420000076293945
2024-04-11,170.5,189.0500030517578,158.214599609375,520.08203125,422.4230651855469,90.56978607177734,121.08963012695312,22.84000015258789
2024-04-12,163.27999877929688,186.1300048828125,156.5471649169922,508.8883972167969,416.4706726074219,88.14102935791016,118.9968032836914,22.670000076293945
2024-04-15,160.32000732421875,183.6199951171875,153.6986846923828,497.2870788574219,408.3169860839844,85.95714569091797,117.78826141357422,21.899999618530273
2024-04-16,163.4600067138672,183.32000732421875,153.24215698242188,496.81982421875,409.244873046875,87.37041473388672,118.51535034179688,21.8799991607666
2024-04-17,154.02000427246094,181.27999877929688,154.3041229248047,491.2626953125,406.5401306152344,83.99214172363281,116.59938049316406,21.309999465942383
2024-04-18,155.0800018310547,179.22000122070312,154.8400421142578,498.8477783203125,399.06756591796875,84.62782287597656,113.97595977783203,21.1299991607666
2024-04-19,146.63999938964844,174.6300048828125,152.93447875976562,478.23974609375,393.9838562011719,76.16114044189453,112.8755111694336,20.469999313354492
2024-04-22,148.63999938964844,177.22999572753906,155.10804748535156,478.8959045410156,395.8001403808594,79.47744750976562,112.53162384033203,20.969999313354492
2024-04-23,152.27000427246094,179.5399932861328,157.07321166992188,493.181396484375,402.32513427734375,82.38097381591797,113.08183288574219,21.639999389648438
2024-04-24,151.74000549316406,176.58999633789062,157.9366912841797,490.5966796875,403.7958679199219,79.6363754272461,113.32747650146484,21.59000015258789
2024-04-25,153.75999450683594,173.6699981689453,154.83013916015625,438.7832946777344,393.9048767089844,82.58985900878906,112.88533020019531,21.709999084472656
2024-04-26,157.39999389648438,179.6199951171875,170.66053771972656,440.68206787109375,401.0912170410156,87.69026947021484,115.16486358642578,22.520000457763672
2024-04-29,160.1999969482422,180.9600067138672,164.90402221679688,430.07476806640625,397.0735778808594,87.71224975585938,114.45740509033203,22.829999923706055
2024-04-30,158.3800048828125,175.0,161.55929565429688,427.63922119140625,384.31982421875,86.35795593261719,111.76522064208984,21.969999313354492
2024-05-01,144.27000427246094,179.0,162.63119506835938,436.6061706542969,389.85760498046875,82.99864196777344,112.62986755371094,22.1200008392334
2024-05-02,146.16000366210938,184.72000122070312,165.3704833984375,439.08148193359375,392.7203063964844,85.77323913574219,112.95410919189453,22.549999237060547
2024-05-03,150.60000610351562,186.2100067138672,165.98587036132812,449.3009948730469,401.42681884765625,88.74372100830078,113.77944946289062,23.329999923706055
2024-05-06,155.77999877929688,188.6999969482422,166.83941650390625,462.9403076171875,408.2182922363281,92.09300994873047,116.2751235961914,25.209999084472656
2024-05-07,154.42999267578125,188.75999450683594,169.96578979492188,465.4852294921875,404.0722961425781,90.50782775878906,115.8722915649414,21.399999618530273
2024-05-08,153.6199951171875,188.0,168.10980224609375,469.819580078125,405.2568359375,90.36590576171875,115.34170532226562,21.559999465942383
2024-05-09,152.38999938964844,189.5,168.6854705810547,472.62298583984375,407.0139465332031,88.70174407958984,114.60480499267578,21.139999389648438
2024-05-10,151.9199981689453,187.47999572753906,167.38528442382812,473.3984375,409.4028015136719,89.83216857910156,114.63426971435547,20.600000381469727
2024-05-13,150.55999755859375,186.57000732421875,167.87159729003906,465.2566223144531,408.3959655761719,90.3529052734375,114.33952331542969,20.940000534057617
2024-05-14,153.16000366210938,187.07000732421875,169.06260681152344,469.07403564453125,411.1994323730469,91.3094253540039,118.76099395751953,21.440000534057617
2024-05-15,159.6699981689453,185.99000549316406,171.21632385253906,478.70703125,418.3887939453125,94.58174896240234,119.50772094726562,21.670000076293945
2024-05-16,162.6199951171875,183.6300048828125,172.87379455566406,470.4458923339844,416.32196044921875,94.31088256835938,120.02849578857422,21.649999618530273
2024-05-17,164.47000122070312,184.6999969482422,174.7397003173828,469.1336669921875,415.55059814453125,92.43183135986328,121.34510040283203,21.760000228881836
2024-05-20,166.3300018310547,183.5399932861328,175.59327697753906,466.08172607421875,420.6237487792969,94.73167419433594,122.34729766845703,21.6200008392334
2024-05-21,164.66000366210938,183.14999389648438,176.51629638671875,461.896484375,424.2826843261719,95.33735656738281,122.45539093017578,21.239999771118164
2024-05-22,165.52000427246094,183.1300048828125,175.05734252929688,465.0279541015625,425.74627685546875,94.90158081054688,122.4259033203125,21.170000076293945
2024-05-23,160.42999267578125,181.0500030517578,172.24853515625,463.0396728515625,422.26531982421875,103.74607849121094,121.9248046875,20.719999313354492
2024-05-24,166.36000061035156,180.75,173.67776489257812,475.4065246582031,425.3902893066406,106.41471099853516,120.7654037475586,21.010000228881836
2024-05-28,171.61000061035156,182.14999389648438,175.0771484375,477.0965576171875,425.54852294921875,113.84291076660156,122.31782531738281,21.049999237060547
2024-05-29,165.13999938964844,182.02000427246094,174.58091735839844,471.5692443847656,424.41131591796875,114.76644134521484,121.58091735839844,20.940000534057617
2024-05-30,166.75,179.32000732421875,170.81932067871094,464.3022766113281,410.0720520019531,110.44364166259766,115.04694366455078,21.729999542236328
2024-05-31,166.89999389648438,176.44000244140625,171.2064208984375,464.08355712890625,410.5269470214844,109.57709503173828,115.14520263671875,21.68000030517578
2024-06-03,163.5500030517578,178.33999633789062,171.87139892578125,474.6808166503906,408.93475341796875,114.94135284423828,117.19873046875,21.31999969482422
2024-06-04,159.99000549316406,179.33999633789062,172.4867401123047,474.1837463378906,411.4565124511719,116.37763214111328,117.9749526977539,22.100000381469727
2024-06-05,166.1699981689453,181.27999877929688,174.0946044921875,492.1474304199219,419.3085021972656,122.37757110595703,120.49027252197266,22.959999084472656
2024-06-06,166.77999877929688,185.0,175.40467834472656,490.8551025390625,419.8128356933594,120.9363021850586,121.34510040283203,23.790000915527344
2024-06-07,167.8699951171875,184.3000030517578,173.15170288085938,490.059814453125,419.1502685546875,120.82636260986328,123.72286987304688,23.309999465942383
2024-06-10,160.33999633789062,187.05999755859375,173.8969268798828,499.64312744140625,423.1257019042969,121.7279052734375,122.32764434814453,23.1299991607666
2024-06-11,158.9600067138672,187.22999572753906,175.49671936035156,504.48443603515625,427.88238525390625,120.8582763671875,121.71846771240234,23.850000381469727
2024-06-12,160.24000549316406,186.88999938964844,176.65924072265625,505.84637451171875,436.1694030761719,125.14643859863281,137.93057250976562,23.770000457763672
2024-06-13,159.89999389648438,183.8300018310547,174.04598999023438,501.1343078613281,436.68365478515625,129.55455017089844,137.4098358154297,23.270000457763672
2024-06-14,159.6300048828125,183.66000366210938,175.66561889648438,501.6915283203125,437.6627197265625,131.82359313964844,135.71983337402344,23.56999969482422
2024-06-17,158.39999389648438,184.05999755859375,176.11277770996094,504.1494445800781,443.3983459472656,130.92396545410156,138.84432983398438,25.020000457763672
2024-06-18,154.6300048828125,182.80999755859375,173.97642517089844,497.0444030761719,441.390869140625,135.52198791503906,142.11622619628906,25.81999969482422
2024-06-20,161.77999877929688,186.10000610351562,175.17872619628906,499.24359130859375,440.7580261230469,130.72406005859375,140.41644287109375,25.559999465942383
2024-06-21,161.22999572753906,189.0800018310547,178.48757934570312,492.35748291015625,444.792724609375,126.5158462524414,139.03103637695312,23.84000015258789
2024-06-24,160.25,185.57000732421875,178.0801544189453,496.4672546386719,442.7061767578125,118.05946350097656,137.44912719726562,24.15999984741211
2024-06-25,160.25,186.33999633789062,182.8595733642578,508.1000061035156,445.94976806640625,126.03604888916016,136.74168395996094,24.559999465942383
2024-06-26,157.5399932861328,193.61000061035156,182.71054077148438,510.607666015625,447.1463623046875,126.3459243774414,135.8180694580078,24.100000381469727
2024-06-27,159.47000122070312,197.85000610351562,184.2307891845703,517.0161743164062,447.8287353515625,123.93695831298828,137.73406982421875,25.219999313354492
2024-06-28,162.2100067138672,193.25,180.9915313720703,501.75128173828125,441.99407958984375,123.48715209960938,138.7362518310547,25.329999923706055
2024-07-01,157.69000244140625,197.1999969482422,181.826171875,502.2090148925781,451.66571044921875,124.246826171875,140.59329223632812,25.8799991607666
2024-07-02,164.30999755859375,200.0,184.0618896484375,507.0054016113281,454.1874084472656,122.61751556396484,140.77993774414062,25.829999923706055
2024-07-03,163.89999389648438,197.58999633789062,184.63821411132812,507.4631652832031,455.6608581542969,128.22511291503906,141.86077880859375,25.850000381469727
2024-07-05,171.89999389648438,200.0,189.38780212402344,537.2665405273438,462.3755798339844,125.77616882324219,142.30291748046875,27.229999542236328
2024-07-08,178.69000244140625,199.2899932861328,187.82777404785156,526.7284545898438,461.0702209472656,128.1451416015625,142.49945068359375,27.700000762939453
2024-07-09,177.10000610351562,199.33999633789062,187.77809143066406,527.405029296875,454.44451904296875,131.3238067626953,138.22532653808594,27.389999389648438
2024-07-10,183.9600067138672,199.7899932861328,189.964111328125,532.072021484375,461.0801086425781,134.85227966308594,139.5911102294922,28.420000076293945
2024-07-11,181.94000244140625,195.0500030517578,184.38980102539062,510.1897277832031,449.6582336425781,127.34548950195312,140.66506958007812,27.639999389648438
2024-07-12,181.61000061035156,194.49000549316406,183.89297485351562,496.42742919921875,448.52093505859375,129.18472290039062,142.6455841064453,28.06999969482422
2024-07-15,179.8300018310547,192.72000122070312,185.34368896484375,493.730712890625,448.9263916015625,128.38504028320312,140.9705352783203,28.670000076293945
2024-07-16,177.5500030517578,193.02000427246094,182.75027465820312,487.39190673828125,444.53558349609375,126.30593872070312,140.51727294921875,28.670000076293945
2024-07-17,159.42999267578125,187.92999267578125,179.86871337890625,459.7279968261719,438.6021423339844,117.93952178955078,137.2164306640625,28.219999313354492
2024-07-18,155.77000427246094,183.75,176.5598907470703,473.5201416015625,435.487060546875,121.03819274902344,136.00448608398438,28.639999389648438
2024-07-19,151.5800018310547,183.1300048828125,176.53009033203125,474.45556640625,432.2632141113281,117.87954711914062,136.52670288085938,28.579999923706055
2024-07-22,155.8699951171875,182.5500030517578,180.5146026611328,485.0135498046875,438.0285949707031,123.48715209960938,138.11309814453125,28.459999084472656
2024-07-23,154.0,186.41000366210938,180.63381958007812,486.29730224609375,439.91741943359375,122.53754425048828,141.00994873046875,28.809999465942383
2024-07-24,144.6300048828125,180.8300018310547,171.53208923339844,459.0115051269531,424.144287109375,114.20112609863281,136.73362731933594,26.600000381469727
2024-07-25,138.32000732421875,179.85000610351562,166.2161102294922,451.19000244140625,413.7606506347656,112.23196411132812,135.79757690429688,26.6299991607666
2024-07-26,139.99000549316406,182.5,165.93788146972656,463.4198303222656,420.5545349121094,113.0116195678711,136.97010803222656,27.18000030517578
2024-07-29,139.75,183.1999969482422,168.4517822265625,463.4297790527344,421.99835205078125,111.54225158691406,136.2803955078125,27.079999923706055
2024-07-30,138.44000244140625,181.7100067138672,169.2069549560547,460.92218017578125,418.2305908203125,103.68562316894531,133.67913818359375,26.3700008392334
2024-07-31,144.47999572753906,186.97999572753906,170.448974609375,472.505126953125,413.71124267578125,116.96993255615234,137.40365600585938,26.889999389648438
2024-08-01,132.5399932861328,184.07000732421875,169.67396545410156,495.3029479980469,412.4849548339844,109.16327667236328,135.49212646484375,26.079999923706055
2024-08-02,132.5,167.89999389648438,165.6000518798828,485.75,403.96051025390625,107.22411346435547,131.32420349121094,24.739999771118164
2024-08-05,134.82000732421875,161.02000427246094,158.23716735839844,473.4007568359375,390.7684631347656,100.40702056884766,125.98373413085938,24.09000015258789
2024-08-06,130.17999267578125,161.92999267578125,157.2832794189453,491.6708068847656,395.17901611328125,104.20540618896484,126.32859802246094,26.59000015258789
2024-08-07,128.6699981689453,162.77000427246094,157.9291229248047,486.52618408203125,394.0121154785156,98.86768341064453,124.052490234375,26.31999969482422
2024-08-08,136.32000732421875,165.8000030517578,160.99948120117188,507.134765625,398.22491455078125,104.92508697509766,127.06759643554688,29.280000686645508
2024-08-09,134.27000427246094,166.94000244140625,162.62905883789062,515.2349243164062,401.5179748535156,104.70518493652344,130.12208557128906,30.010000228881836
2024-08-12,136.77000427246094,166.8000030517578,161.25784301757812,513.4237670898438,402.2991638183594,108.97335815429688,130.6344757080078,29.3799991607666
2024-08-13,141.1300048828125,170.22999572753906,163.11595153808594,525.9521484375,409.41937255859375,116.0903091430664,132.289794921875,30.389999389648438
2024-08-14,140.75,170.10000610351562,159.35003662109375,524.1809692382812,412.2377624511719,118.02948760986328,133.61016845703125,31.0
2024-08-15,147.36000061035156,177.58999633789062,160.27413940429688,534.6990966796875,417.1119689941406,122.80744171142578,134.92063903808594,31.219999313354492
2024-08-16,148.55999755859375,177.05999755859375,161.92359924316406,524.8375854492188,414.5757751464844,124.52669525146484,135.4527130126953,32.08000183105469
2024-08-19,155.27999877929688,178.22000122070312,165.6099853515625,526.6885375976562,417.6072998046875,129.9443817138672,135.8961181640625,32.5
2024-08-20,156.39999389648438,178.8800048828125,166.1167449951172,524.1510009765625,420.8468933105469,127.19556427001953,137.1277618408203,32.31999969482422
2024-08-21,157.80999755859375,180.11000061035156,164.79519653320312,532.5397338867188,420.19305419921875,128.4450225830078,138.14263916015625,32.540000915527344
2024-08-22,151.6999969482422,176.1300048828125,162.75823974609375,529.3256225585938,411.6830139160156,123.68706512451172,136.0537567138672,31.920000076293945
2024-08-23,154.97999572753906,177.0399932861328,164.566650390625,525.4148559570312,412.91143798828125,129.31463623046875,137.14747619628906,31.780000686645508
2024-08-26,149.99000549316406,175.5,165.1032257080078,518.5685424804688,409.64215087890625,126.40589904785156,136.86170959472656,30.850000381469727
2024-08-27,150.5,173.1199951171875,163.63262939453125,516.558349609375,409.9888610839844,128.2451171875,136.4478759765625,30.84000015258789
2024-08-28,146.36000061035156,170.8000030517578,161.81427001953125,514.249755859375,406.779052734375,125.55626678466797,135.85670471191406,30.360000610351562
2024-08-29,145.49000549316406,172.1199951171875,160.75108337402344,515.6826171875,409.27557373046875,117.53968811035156,137.37408447265625,31.0
2024-08-30,148.55999755859375,178.5,162.34091186523438,518.7576293945312,413.2581787109375,119.31893157958984,139.21665954589844,31.479999542236328
2024-09-03,136.94000244140625,176.25,156.35919189453125,509.2543029785156,405.62982177734375,107.95378875732422,137.45294189453125,30.510000228881836
2024-09-04,140.8699951171875,173.3300018310547,155.45497131347656,510.2294921875,405.0948791503906,106.16455841064453,138.68458557128906,30.59000015258789
2024-09-05,139.44000244140625,177.88999938964844,156.23997497558594,514.329345703125,404.589599609375,107.16413116455078,140.51727294921875,30.15999984741211
2024-09-06,134.35000610351562,171.38999938964844,149.96014404296875,497.8205871582031,397.96185302734375,102.7860107421875,139.72903442382812,30.329999923706055
2024-09-09,138.14999389648438,175.39999389648438,147.96029663085938,502.3184509277344,401.9444580078125,106.42445373535156,137.8372039794922,34.599998474121094
2024-09-10,142.83999633789062,179.5500030517578,147.9105224609375,502.3184509277344,410.3455505371094,108.05374145507812,153.60238647460938,34.7599983215332
2024-09-11,149.86000061035156,184.52000427246094,150.39794921875,509.32391357421875,419.103271484375,116.85999298095703,154.87347412109375,34.849998474121094
2024-09-12,150.77000427246094,187.0,153.91012573242188,523.026611328125,423.02642822265625,119.0992202758789,159.01185607910156,34.90999984741211
2024-09-13,152.30999755859375,186.49000549316406,156.66616821289062,522.0513305664062,426.5830078125,119.0592269897461,159.65231323242188,35.59000015258789
2024-09-16,152.0800018310547,184.88999938964844,157.26312255859375,531.1752319335938,427.3260192871094,116.74002075195312,167.83050537109375,36.310001373291016
2024-09-17,150.82000732421875,186.8800048828125,158.51681518554688,534.2032470703125,431.1005554199219,115.55043029785156,165.01248168945312,36.45000076293945
2024-09-18,148.2899932861328,186.42999267578125,159.0043182373047,535.8268432617188,426.80096435546875,113.33119201660156,162.11561584472656,36.380001068115234
2024-09-19,156.74000549316406,189.8699951171875,161.3225555419922,556.8933715820312,434.607666015625,117.82965087890625,165.13070678710938,36.83000183105469
2024-09-20,155.9499969482422,191.60000610351562,162.76527404785156,559.1344604492188,431.2194519042969,115.96029663085938,165.53469848632812,37.20000076293945
2024-09-23,156.75,193.8800048828125,161.03404235839844,562.1823120117188,429.475830078125,116.22020721435547,163.5147705078125,37.95000076293945
2024-09-24,158.32000732421875,193.9600067138672,161.47181701660156,561.1066284179688,425.17626953125,120.82862854003906,163.3669891357422,36.900001525878906
2024-09-25,162.02000427246094,192.52999877929688,160.6758575439453,566.06689453125,428.0888366699219,123.46772003173828,163.83993530273438,37.119998931884766
2024-09-26,167.49000549316406,191.16000366210938,161.90960693359375,565.5987548828125,427.2962951660156,123.9975357055664,165.6332244873047,37.099998474121094
2024-09-27,164.35000610351562,187.97000122070312,163.12344360351562,565.1207275390625,424.03692626953125,121.35844421386719,166.26385498046875,36.84000015258789
2024-09-30,164.0800018310547,186.3300018310547,165.0138702392578,570.1806640625,426.29571533203125,121.3984375,167.8994598388672,37.20000076293945
2024-10-01,159.75,185.1300048828125,166.14816284179688,574.1947021484375,416.775146484375,116.95994567871094,164.70703125,36.459999084472656
2024-10-02,159.77999877929688,184.75999450683594,165.02383422851562,570.5492553710938,413.248291015625,118.80931091308594,165.24896240234375,37.4900016784668
2024-10-03,162.85000610351562,181.9600067138672,165.02383422851562,580.4698486328125,412.66375732421875,122.80794525146484,164.41143798828125,39.2400016784668
2024-10-04,170.89999389648438,186.50999450683594,166.2177734375,593.5879516601562,412.188232421875,124.87723541259766,168.35275268554688,40.0099983215332
2024-10-07,170.97000122070312,180.8000030517578,162.15834045410156,582.4720458984375,405.7289123535156,127.67628479003906,167.4757843017578,38.88999938964844
2024-10-08,172.8000030517578,182.72000122070312,163.55128479003906,590.5499267578125,410.8507995605469,132.84449768066406,171.81121826171875,41.45000076293945
2024-10-09,171.02000427246094,185.1699981689453,161.04397583007812,588.1792602539062,413.5751953125,132.60458374023438,175.67369079589844,43.130001068115234
2024-10-10,164.17999267578125,186.64999389648438,161.2628936767578,581.525634765625,411.97027587890625,134.76385498046875,173.22459411621094,43.52000045776367
2024-10-11,167.88999938964844,188.82000732421875,162.4170379638672,587.62158203125,412.44580078125,134.7538604736328,173.58010864257812,43.5099983215332
2024-10-14,165.27000427246094,187.5399932861328,164.12835693359375,588.089599609375,415.23956298828125,138.0227508544922,173.92575073242188,43.400001525878906
2024-10-15,156.63999938964844,187.69000244140625,164.6258544921875,583.9560546875,414.8432922363281,131.55496215820312,171.92105102539062,42.43000030517578
2024-10-16,156.1300048828125,186.88999938964844,164.3273468017578,574.5134887695312,412.2476501464844,135.6735382080078,172.5925750732422,41.93000030517578
2024-10-17,156.25,187.52999877929688,162.1085968017578,574.6528930664062,412.8420715332031,136.8831329345703,173.49124145507812,42.0
2024-10-18,155.97000122070312,188.99000549316406,162.59613037109375,574.1947021484375,414.2687072753906,137.9527587890625,172.51356506347656,42.970001220703125
2024-10-21,157.89999389648438,189.07000732421875,163.24285888671875,572.8899536132812,414.8829345703125,143.6608123779297,171.5951690673828,42.70000076293945
2024-10-22,154.08999633789062,189.6999969482422,164.3074493408203,579.712890625,423.53167724609375,143.5408477783203,173.1258544921875,42.939998626708984
2024-10-23,152.91000366210938,184.7100067138672,161.9593505859375,561.4651489257812,420.6487731933594,139.51222229003906,170.94338989257812,42.59000015258789
2024-10-24,153.44000244140625,186.3800048828125,161.899658203125,565.5390625,420.7775573730469,140.3619384765625,172.20741271972656,43.560001373291016
2024-10-25,156.22999572753906,187.8300018310547,164.43679809570312,570.9874267578125,424.1657409667969,141.49154663085938,171.358154296875,44.86000061035156
2024-10-28,159.9199981689453,188.38999938964844,165.87948608398438,575.8780517578125,422.6202392578125,140.47190856933594,170.2718505859375,44.970001220703125
2024-10-29,166.25,190.8300018310547,168.82456970214844,590.9384765625,427.9303894042969,141.20164489746094,171.26927185058594,44.93000030517578
2024-10-30,148.60000610351562,192.72999572753906,173.58045959472656,589.4641723632812,428.5049743652344,139.29229736328125,172.38519287109375,43.689998626708984
2024-10-31,144.07000732421875,186.39999389648438,170.24734497070312,565.33984375,402.5686340332031,132.7145538330078,165.7489013671875,41.560001373291016
2024-11-01,141.86000061035156,197.92999267578125,170.42642211914062,564.9214477539062,406.5511779785156,135.35365295410156,167.90176391601562,41.91999816894531
2024-11-04,140.7100067138672,195.77999877929688,168.38677978515625,558.4671020507812,404.658935546875,136.00343322753906,167.4770965576172,41.40999984741211
2024-11-05,141.66000366210938,199.5,168.88426208496094,570.170654296875,407.63104248046875,139.8621063232422,169.6398162841797,51.130001068115234
2024-11-06,145.10000610351562,207.08999633789062,175.62014770507812,569.7921752929688,416.2699279785156,145.56015014648438,178.98196411132812,55.529998779296875
2024-11-07,149.82000732421875,210.0500030517578,179.83876037597656,589.3646850585938,421.47100830078125,148.82904052734375,184.0480499267578,55.880001068115234
2024-11-08,147.9499969482422,208.17999267578125,177.4508514404297,587.0139770507812,418.6079406738281,147.57945251464844,186.89215087890625,58.38999938964844
2024-11-11,147.35000610351562,206.83999633789062,179.44076538085938,580.8682250976562,414.1200866699219,145.21026611328125,186.773681640625,60.2400016784668
2024-11-12,143.6300048828125,208.91000366210938,180.7043914794922,582.5117797851562,419.0933837890625,148.23922729492188,187.21804809570312,59.849998474121094
2024-11-13,139.3000030517578,214.10000610351562,177.97816467285156,577.7107543945312,421.2431945800781,146.2199249267578,187.26742553710938,60.70000076293945
2024-11-14,138.83999633789062,211.47999572753906,174.69482421875,574.8820190429688,422.91748046875,146.7097625732422,184.71957397460938,59.18000030517578
2024-11-15,134.89999389648438,202.61000061035156,171.62039184570312,551.8931274414062,411.1380920410156,141.93138122558594,181.45083618164062,65.7699966430664
2024-11-18,138.92999267578125,201.6999969482422,174.41622924804688,552.2119140625,411.8910217285156,140.1020050048828,183.41600036621094,61.2599983215332
2024-11-19,139.38999938964844,204.61000061035156,177.2220001220703,558.87548828125,413.90216064453125,146.9596710205078,186.5465087890625,62.97999954223633
2024-11-20,137.60000610351562,202.8800048828125,175.09278869628906,563.2879638671875,411.6235046386719,145.84005737304688,188.37347412109375,62.119998931884766
2024-11-21,137.49000549316406,198.3800048828125,166.78489685058594,560.8675537109375,409.8466491699219,146.6197967529297,190.0325469970703,61.36000061035156
2024-11-22,138.35000610351562,197.1199951171875,163.9293670654297,556.9331665039062,413.9463806152344,141.90139770507812,189.894287109375,64.3499984741211
2024-11-25,141.1300048828125,201.4499969482422,166.80477905273438,562.8795776367188,415.7232971191406,135.9734344482422,185.64788818359375,64.6500015258789
2024-11-26,137.72000122070312,207.86000061035156,168.2673797607422,571.2763061523438,424.8559265136719,136.87313842773438,187.9982147216797,65.73999786376953
2024-11-27,136.24000549316406,205.74000549316406,168.3768310546875,566.953369140625,419.89251708984375,135.2936553955078,180.4237823486328,66.05000305175781
2024-11-29,137.17999267578125,207.88999938964844,168.09823608398438,572.0532836914062,420.3591003417969,138.2026824951172,182.53709411621094,67.08000183105469
2024-12-02,142.05999755859375,210.7100067138672,170.6254425048828,590.490234375,427.82403564453125,138.58255004882812,179.1498565673828,66.38999938964844
2024-12-03,141.97999572753906,213.44000244140625,170.4761962890625,611.2279663085938,428.0424499511719,140.2119903564453,180.61138916015625,70.95999908447266
2024-12-04,143.99000549316406,218.16000366210938,173.4909210205078,611.3575439453125,434.21685791015625,145.09031677246094,185.84536743164062,69.8499984741211
2024-12-05,141.36000061035156,220.5500030517578,171.7696533203125,606.5265502929688,439.3787841796875,145.0203399658203,183.91966247558594,71.87000274658203
2024-12-06,138.58999633789062,227.02999877929688,173.8292236328125,621.30810546875,440.32183837890625,142.40106201171875,189.30177307128906,76.33999633789062
2024-12-09,130.8699951171875,226.08999633789062,174.68585205078125,611.1483154296875,442.7538757324219,138.77203369140625,188.07720947265625,72.45999908447266
2024-12-10,127.73999786376953,225.0399932861328,184.4476318359375,616.8756713867188,440.08355712890625,135.03306579589844,175.52557373046875,70.88999938964844
2024-12-11,130.14999389648438,230.25999450683594,194.63771057128906,630.1829223632812,445.7021789550781,139.2718963623047,176.3551025390625,72.51000213623047
2024-12-12,130.60000610351562,228.97000122070312,191.2111358642578,628.3003540039062,446.2679748535156,137.3024444580078,173.1357421875,73.19999694824219
2024-12-13,126.91000366210938,227.4600067138672,189.07949829101562,617.901611328125,443.9947509765625,134.21328735351562,171.22975158691406,76.06999969482422
2024-12-16,126.69000244140625,232.92999267578125,195.89279174804688,622.2777709960938,448.2831115722656,131.96389770507812,169.09666442871094,75.75
2024-12-17,125.0199966430664,231.14999389648438,194.65762329101562,617.4928588867188,451.132080078125,130.35433959960938,167.59561157226562,74.38999938964844
2024-12-18,121.41000366210938,220.52000427246094,187.66500854492188,595.3128051757812,434.18707275390625,128.874755859375,163.34918212890625,71.51000213623047
2024-12-19,118.87999725341797,223.2899932861328,187.7745819091797,593.6978149414062,433.8297424316406,130.6442413330078,166.6870574951172,74.20999908447266
2024-12-20,119.20999908447266,224.9199981689453,190.6632843017578,583.4102783203125,433.4029235839844,134.6631622314453,167.54623413085938,80.55000305175781
2024-12-23,124.5999984741211,225.05999755859375,193.8707275390625,597.9644165039062,432.0627746582031,139.63180541992188,167.03271484375,80.69000244140625
2024-12-24,126.29000091552734,229.0500030517578,195.34494018554688,605.8395385742188,436.1128845214844,140.18167114257812,169.27444458007812,82.37999725341797
2024-12-26,125.05999755859375,227.0500030517578,194.83694458007812,601.4534301757812,434.90179443359375,139.89173889160156,169.54104614257812,82.13999938964844
2024-12-27,125.19000244140625,223.75,192.0080108642578,597.924560546875,427.3773193359375,136.97251892089844,166.85496520996094,79.08000183105469
2024-12-30,122.44000244140625,221.3000030517578,190.4939422607422,589.3814086914062,421.7190246582031,137.452392578125,164.8304901123047,77.18000030517578
2024-12-31,120.79000091552734,219.38999938964844,188.5615234375,583.6694946289062,418.4134521484375,134.25328063964844,164.56385803222656,75.62999725341797
2025-01-02,120.62999725341797,220.22000122070312,188.6909942626953,597.3563232421875,415.51483154296875,138.2721710205078,163.96145629882812,75.19000244140625
2025-01-03,125.37000274658203,224.19000244140625,191.0417938232422,602.7293090820312,420.2499084472656,144.4304962158203,164.2478485107422,79.88999938964844
2025-01-06,129.5500030517578,227.61000061035156,196.10198974609375,628.218994140625,424.71697998046875,149.38912963867188,163.6256866455078,75.91999816894531
2025-01-07,127.33000183105469,222.11000061035156,194.7273712158203,615.9476928710938,419.2770690917969,140.10166931152344,160.0113067626953,69.98999786376953
2025-01-08,121.83999633789062,222.1300048828125,193.19337463378906,608.8002319335938,421.4510192871094,140.07168579101562,161.1074676513672,68.2300033569336
2025-01-10,116.04000091552734,218.94000244140625,191.2908172607422,613.924072265625,415.8821105957031,135.8728485107422,152.9501190185547,67.26000213623047
2025-01-13,117.31999969482422,218.4600067138672,190.26483154296875,606.4178466796875,414.1350402832031,133.19357299804688,152.37596130371094,64.9800033569336
2025-01-14,116.08999633789062,217.75999450683594,188.9200897216797,592.3820190429688,412.6261291503906,131.7239532470703,154.74195861816406,65.91000366210938
2025-01-15,119.95999908447266,223.35000610351562,194.78712463378906,615.18017578125,423.1882019042969,136.2027587890625,156.72189331054688,68.13999938964844
2025-01-16,118.44000244140625,220.66000366210938,192.1574249267578,609.3783569335938,421.47088623046875,133.53347778320312,157.93955993652344,69.23999786376953
2025-01-17,121.45999908447266,225.94000244140625,195.23536682128906,610.8438720703125,425.8883056640625,137.67234802246094,159.41461181640625,71.7699966430664
2025-01-21,122.27999877929688,230.7100067138672,197.27737426757812,614.522216796875,425.3622131347656,140.79148864746094,170.8388671875,73.06999969482422
2025-01-22,123.75,235.00999450683594,197.5961151123047,621.5401000976562,442.9325866699219,147.02981567382812,182.37197875976562,76.87000274658203
2025-01-23,123.04000091552734,235.4199981689453,197.2076416015625,634.4493408203125,443.4388122558594,147.17974853515625,184.5994110107422,78.9800033569336
2025-01-24,122.83999633789062,234.85000610351562,199.428955078125,645.4546508789062,440.8082580566406,142.58099365234375,181.75820922851562,78.9800033569336
2025-01-27,115.01000213623047,235.4199981689453,191.0617218017578,657.8057250976562,431.3778076171875,118.38761901855469,156.69219970703125,75.44000244140625
2025-01-28,114.16999816894531,238.14999389648438,194.53811645507812,672.2102661132812,443.9252624511719,128.95472717285156,162.35482788085938,80.2300033569336
2025-01-29,117.3499984741211,237.07000732421875,194.64767456054688,674.363525390625,439.09088134765625,123.66617584228516,160.3946990966797,79.76000213623047
2025-01-30,118.86000061035156,234.63999938964844,200.08636474609375,684.8405151367188,411.95111083984375,124.61592102050781,168.6708221435547,81.22000122070312
2025-01-31,115.94999694824219,237.67999267578125,203.22409057617188,687.0136108398438,412.0206298828125,120.03717041015625,168.35403442382812,82.48999786376953
2025-02-03,114.2699966430664,237.4199981689453,200.4449462890625,695.2676391601562,407.9109802246094,116.62810516357422,166.90869140625,83.73999786376953
2025-02-04,119.5,242.05999755859375,205.5748748779297,701.9764404296875,409.35028076171875,118.6175537109375,166.205810546875,103.83000183105469
2025-02-05,112.01000213623047,236.1699981689453,190.58360290527344,702.6543579101562,410.2635803222656,124.79586029052734,169.93798828125,101.36000061035156
2025-02-06,110.16000366210938,238.8300018310547,190.85255432128906,709.7518920898438,412.7750244140625,128.64480590820312,170.62107849121094,111.27999877929688
2025-02-07,107.55999755859375,229.14999389648438,184.61695861816406,712.27392578125,406.7494812011719,129.8044891357422,172.7099151611328,110.8499984741211
2025-02-10,110.4800033569336,233.13999938964844,185.74256896972656,715.1448974609375,409.2013854980469,133.53347778320312,177.1251678466797,116.6500015258789
2025-02-11,111.0999984741211,232.75999450683594,184.59706115722656,717.537353515625,408.4271240234375,132.76370239257812,175.4125213623047,112.62000274658203
2025-02-12,111.72000122070312,228.92999267578125,182.8937225341797,723.099853515625,406.044677734375,131.10414123535156,170.49237060546875,117.38999938964844
2025-02-13,111.80999755859375,230.3699951171875,185.41384887695312,726.2698364257812,407.5337219238281,135.2530059814453,172.1159210205078,117.91000366210938
2025-02-14,113.0999984741211,228.67999267578125,184.50738525390625,734.3543701171875,405.43914794921875,138.81204223632812,172.41290283203125,119.16000366210938
2025-02-18,114.27999877929688,226.64999389648438,183.05307006835938,714.1181640625,406.6402893066406,139.3618927001953,177.996337890625,124.62000274658203
2025-02-19,114.69000244140625,226.6300048828125,184.5472412109375,701.5578002929688,411.7326965332031,139.19192504882812,179.69908142089844,112.05999755859375
2025-02-20,114.16999816894531,222.8800048828125,183.83999633789062,692.6558227539062,413.91107177734375,140.07168579101562,174.23443603515625,106.2699966430664
2025-02-21,110.83999633789062,216.5800018310547,178.9591064453125,681.4013061523438,406.03326416015625,134.3932342529297,166.12660217285156,101.3499984741211
2025-02-24,108.11000061035156,212.7100067138672,178.5507049560547,666.02978515625,401.8457336425781,130.244384765625,168.2550506591797,90.68000030517578
2025-02-25,103.95999908447266,212.8000030517578,174.7356414794922,655.4332275390625,395.7782287597656,126.59536743164062,166.84927368164062,87.83999633789062
2025-02-26,104.73999786376953,214.35000610351562,172.05613708496094,671.582275390625,397.5984802246094,131.24411010742188,170.7398681640625,89.30999755859375
2025-02-27,99.51000213623047,208.74000549316406,167.8426513671875,656.1708984375,390.4368896484375,120.11714172363281,163.10720825195312,84.7699966430664
2025-02-28,99.86000061035156,212.27999877929688,169.61569213867188,666.0995483398438,394.87310791015625,124.8858413696289,164.3941650390625,84.91999816894531
2025-03-03,98.2300033569336,205.02000427246094,166.3584747314453,652.9908447265625,386.4184265136719,114.02880859375,160.3946990966797,83.41999816894531
2025-03-04,100.75,203.8000030517578,170.2532196044922,637.9881591796875,386.53778076171875,115.95828247070312,155.8903350830078,84.4000015258789
2025-03-05,101.66999816894531,208.36000061035156,172.3450164794922,654.406494140625,398.8816223144531,117.2679214477539,159.93930053710938,90.12999725341797
2025-03-06,98.8499984741211,200.6999969482422,171.67764282226562,625.9561157226562,394.7736511230469,110.53976440429688,149.42584228515625,80.45999908447266
2025-03-07,100.30999755859375,199.25,173.18174743652344,623.6932373046875,391.2127380371094,112.65918731689453,153.603515625,84.91000366210938
2025-03-10,96.62999725341797,194.5399932861328,165.41319274902344,596.1102905273438,378.13287353515625,106.95075225830078,147.2974090576172,76.37999725341797
2025-03-11,96.76000213623047,196.58999633789062,163.58822631835938,603.8060913085938,378.4212951660156,108.73026275634766,142.73362731933594,78.05000305175781
2025-03-12,100.79000091552734,198.88999938964844,166.6497802734375,617.6124877929688,381.22625732421875,115.71900177001953,149.3763427734375,83.6500015258789
2025-03-13,98.11000061035156,193.88999938964844,162.311767578125,588.7833862304688,376.750244140625,115.55902862548828,146.17874145507812,79.62000274658203
2025-03-14,100.97000122070312,197.9499969482422,165.03424072265625,606.2288818359375,386.4880676269531,121.64791870117188,147.77259826660156,86.23999786376953
2025-03-17,104.58999633789062,195.74000549316406,163.83753967285156,603.5350341796875,386.6273193359375,119.50830841064453,152.46502685546875,87.3499984741211
2025-03-18,103.51000213623047,192.82000732421875,160.22750854492188,581.0458374023438,381.4749450683594,115.40904998779297,147.95079040527344,83.88999938964844
2025-03-19,106.2300033569336,195.5399932861328,163.43865966796875,582.7420654296875,385.75201416015625,117.49867248535156,150.92066955566406,86.0999984741211
2025-03-20,107.13999938964844,194.9499969482422,162.35165405273438,584.6776123046875,384.7772216796875,118.50848388671875,151.18798828125,87.38999938964844
2025-03-21,106.44000244140625,196.2100067138672,163.5383758544922,594.904541015625,389.1736755371094,117.67863464355469,150.70291137695312,90.95999908447266
2025-03-24,113.8499984741211,203.25999450683594,167.2182159423828,617.4534912109375,390.9839782714844,121.38796997070312,153.31640625,96.75
2025-03-25,114.80999755859375,205.7100067138672,170.0902862548828,624.896728515625,393.0528869628906,120.66809844970703,152.38583374023438,96.5
2025-03-26,110.19000244140625,201.1300048828125,164.6054229736328,609.6012573242188,387.89056396484375,113.7393569946289,146.31735229492188,92.27999877929688
2025-03-27,106.6500015258789,201.36000061035156,161.79319763183594,601.22021484375,388.497314453125,111.40978240966797,144.31761169433594,90.08999633789062
2025-03-28,103.22000122070312,192.72000122070312,153.9049835205078,575.4385375976562,376.78009033203125,109.65010070800781,139.45684814453125,85.8499984741211
2025-03-31,102.73999786376953,190.25999450683594,154.21412658691406,575.0594482421875,373.3883056640625,108.3603286743164,138.407470703125,84.4000015258789
2025-04-01,102.77999877929688,192.1699981689453,156.63743591308594,584.6776123046875,380.15203857421875,110.1300048828125,140.51611328125,84.68000030517578
2025-04-02,102.95999908447266,196.00999450683594,156.60751342773438,582.6123046875,380.1023254394531,110.39995574951172,144.3968048095703,87.44999694824219
2025-04-03,93.80000305175781,178.41000366210938,150.304931640625,530.4203491210938,371.1204528808594,101.78152465820312,135.85337829589844,83.5999984741211
2025-04-04,85.76000213623047,171.0,145.19903564453125,503.591064453125,357.9212341308594,94.29288482666016,126.98326110839844,74.01000213623047
2025-04-07,83.63999938964844,175.25999450683594,146.34584045410156,515.0850219726562,355.9517822265625,97.62227630615234,125.8843994140625,77.83999633789062
2025-04-08,78.20999908447266,170.66000366210938,144.30149841308594,509.29815673828125,352.66937255859375,96.28252410888672,123.2510757446289,77.31999969482422
2025-04-09,96.83999633789062,191.10000610351562,158.27291870117188,584.4481811523438,388.4077453613281,114.30924987792969,138.2886962890625,92.01000213623047
2025-04-10,88.69999694824219,181.22000122070312,152.39913940429688,545.0573120117188,379.3164978027344,107.55047607421875,132.4865264892578,88.58999633789062
2025-04-11,93.4000015258789,184.8699951171875,156.70724487304688,542.3434448242188,386.3786926269531,110.90986633300781,131.4929962158203,88.55000305175781
2025-04-14,94.5,182.1199951171875,158.63194274902344,530.2806396484375,385.7420654296875,110.68990325927734,133.76817321777344,92.62000274658203
2025-04-15,95.29000091552734,179.58999633789062,155.87953186035156,520.3432006835938,383.67315673828125,112.17963409423828,133.0727081298828,98.4000015258789
2025-04-16,88.29000091552734,174.3300018310547,152.90773010253906,501.176513671875,369.6284484863281,104.47103881835938,128.9197540283203,92.70999908447266
2025-04-17,87.5,172.61000061035156,150.74371337890625,500.348388671875,365.8188781738281,101.4715805053711,127.78713989257812,93.77999877929688
2025-04-21,85.55999755859375,167.32000732421875,147.26332092285156,483.56634521484375,357.2050476074219,96.89241790771484,122.02470397949219,90.80000305175781
2025-04-22,86.26000213623047,173.17999267578125,151.0528564453125,499.1510925292969,364.864013671875,98.87205505371094,126.41607666015625,93.98999786376953
2025-04-23,90.38999938964844,180.60000610351562,154.92218017578125,519.0960083007812,372.3936462402344,102.69136047363281,130.5491485595703,100.81999969482422
2025-04-24,94.47000122070312,186.5399932861328,158.84133911132812,531.9469604492188,385.2347717285156,106.41067504882812,136.61956787109375,107.77999877929688
2025-04-25,96.6500015258789,188.99000549316406,161.51397705078125,546.0350952148438,389.7605285644531,110.98986053466797,137.59324645996094,112.77999877929688
2025-04-28,96.38999938964844,187.6999969482422,160.16769409179688,548.49951171875,389.0741882324219,108.71026611328125,139.23252868652344,114.6500015258789
2025-04-29,96.05999755859375,187.38999938964844,159.71893310546875,553.1889038085938,391.9388427734375,109.00021362304688,139.87832641601562,116.08000183105469
2025-04-30,97.3499984741211,184.4199981689453,158.3626708984375,547.7611694335938,393.1523742675781,108.90023040771484,139.8087921142578,118.44000244140625
2025-05-01,96.6500015258789,190.1999969482422,160.85577392578125,570.9187622070312,423.1316223144531,111.5897445678711,144.54791259765625,116.19999694824219
2025-05-02,98.80000305175781,189.97999572753906,163.57827758789062,595.6728515625,432.95892333984375,114.4792251586914,149.7539825439453,124.27999877929688
2025-05-05,100.58999633789062,186.35000610351562,163.75778198242188,597.917724609375,433.8442077636719,113.79934692382812,148.32327270507812,123.7699966430664
2025-05-06,98.62000274658203,185.00999450683594,162.78045654296875,585.9847412109375,430.99945068359375,113.51940155029297,146.74359130859375,108.86000061035156
2025-05-07,100.36000061035156,188.7100067138672,150.96311950683594,595.4632568359375,431.03924560546875,117.03875732421875,148.40277099609375,110.4800033569336
2025-05-08,101.69999694824219,192.0800018310547,153.85513305664062,596.6605834960938,435.83355712890625,117.34870910644531,149.32675170898438,119.1500015258789
2025-05-09,102.83999633789062,193.05999755859375,152.32933044433594,591.153076171875,436.39056396484375,116.62882995605469,149.3665008544922,117.30000305175781
2025-05-12,108.12000274658203,208.63999938964844,158.0236053466797,637.987060546875,446.8643798828125,122.9776840209961,156.20193481445312,118.45999908447266
2025-05-13,112.45999908447266,211.3699951171875,159.0906524658203,654.5496826171875,446.74505615234375,129.9064178466797,161.21925354003906,128.10000610351562
2025-05-14,117.72000122070312,210.25,164.91456604003906,657.8720703125,450.5247497558594,135.3154296875,161.89483642578125,130.17999267578125
2025-05-15,114.98999786376953,205.1699981689453,163.5084686279297,642.4270629882812,451.5412292480469,134.80552673339844,158.36782836914062,128.1199951171875
2025-05-16,117.16999816894531,205.58999633789062,165.73231506347656,638.8950805664062,452.67718505859375,135.37542724609375,159.45077514648438,129.52000427246094
2025-05-19,114.73999786376953,206.16000366210938,166.0813446044922,638.98486328125,457.26104736328125,135.54539489746094,158.6062774658203,126.33000183105469
2025-05-20,113.51000213623047,204.07000732421875,163.52841186523438,635.662353515625,456.56353759765625,134.35560607910156,159.2719268798828,125.58999633789062
2025-05-21,112.05999755859375,201.1199951171875,168.09579467773438,634.0659790039062,450.9831848144531,131.7760772705078,156.16220092773438,120.58000183105469
2025-05-22,110.70999908447266,203.10000610351562,170.39942932128906,635.133544921875,453.26513671875,132.80589294433594,156.29136657714844,122.29000091552734
2025-05-23,110.30999755859375,200.99000549316406,168.00604248046875,625.64501953125,448.6015319824219,131.26617431640625,154.9600372314453,123.30999755859375
2025-05-27,114.55999755859375,206.02000427246094,172.42384338378906,640.8705444335938,459.07470703125,135.47540283203125,160.861572265625,123.38999938964844
2025-05-28,112.86000061035156,204.72000122070312,171.8853302001953,642.1277465820312,455.75634765625,134.78553771972656,162.7890167236328,123.76000213623047
2025-05-29,113.02999877929688,205.6999969482422,171.38670349121094,643.5944213867188,457.0717468261719,139.1647491455078,161.8451690673828,122.31999969482422
2025-05-30,110.7300033569336,205.00999450683594,171.2670440673828,646.0288696289062,458.7458190917969,135.10548400878906,164.4581298828125,131.77999877929688
2025-06-02,114.62999725341797,206.64999389648438,168.5644989013672,669.3861083984375,460.3502197265625,137.35507202148438,165.4914093017578,132.0399932861328
2025-06-03,117.30999755859375,205.7100067138672,165.72235107421875,665.3451538085938,461.3466796875,141.19436645507812,168.04476928710938,133.1699981689453
2025-06-04,118.58000183105469,207.22999572753906,167.58718872070312,686.3975830078125,462.2435302734375,141.8942413330078,167.01148986816406,130.00999450683594
2025-06-05,115.69000244140625,207.91000366210938,167.74676513671875,683.0750732421875,466.0401611328125,139.964599609375,170.0318145751953,119.91000366210938
2025-06-06,116.19000244140625,213.57000732421875,173.20167541503906,696.1356201171875,468.7307434082031,141.69427490234375,172.89317321777344,127.72000122070312
2025-06-09,121.7300033569336,216.97999572753906,175.81764221191406,692.4938354492188,471.0924072265625,142.6041259765625,176.0028839111328,132.05999755859375
2025-06-10,123.23999786376953,217.61000061035156,178.3237762451172,700.8150024414062,469.26885986328125,143.9338836669922,176.33074951171875,132.80999755859375
2025-06-11,121.13999938964844,213.1999969482422,177.07569885253906,692.5736694335938,470.9628601074219,142.81399536132812,175.23788452148438,136.38999938964844
2025-06-12,118.5,213.24000549316406,175.42825317382812,691.79541015625,477.1909484863281,144.98374938964844,198.56582641601562,135.19000244140625
2025-06-13,116.16000366210938,212.10000610351562,174.39984130859375,681.3291015625,473.2946472167969,141.95408630371094,213.82638549804688,137.39999389648438
2025-06-16,126.38999938964844,216.10000610351562,176.49659729003906,701.0746459960938,477.46002197265625,144.6737823486328,209.73306274414062,141.41000366210938
2025-06-17,127.0999984741211,214.82000732421875,175.6778564453125,696.19189453125,476.3638610839844,144.1038360595703,206.83193969726562,138.1999969482422
2025-06-18,126.79000091552734,212.52000427246094,173.05194091796875,694.734130859375,478.5561218261719,145.46368408203125,209.50454711914062,139.9600067138672
2025-06-20,128.24000549316406,209.69000244140625,166.38226318359375,681.3340454101562,475.7261047363281,143.83387756347656,203.84144592285156,137.3000030517578
2025-06-23,129.5800018310547,208.47000122070312,164.93450927734375,697.4900512695312,484.29595947265625,144.15383911132812,205.69932556152344,139.9199981689453
2025-06-24,138.42999267578125,212.77000427246094,166.51206970214844,711.1396484375,488.3915100097656,147.88340759277344,213.8760528564453,143.22999572753906
2025-06-25,143.39999389648438,211.99000549316406,170.416015625,707.6248779296875,490.5439758300781,154.29270935058594,209.3555145263672,142.89999389648438
2025-06-26,143.67999267578125,217.1199951171875,173.27157592773438,725.0089721679688,495.705810546875,155.00262451171875,211.44192504882812,144.25
2025-06-27,143.80999755859375,223.3000030517578,178.25387573242188,732.5377197265625,494.20111083984375,157.73231506347656,208.87863159179688,130.74000549316406
2025-06-30,141.89999389648438,219.38999938964844,175.95742797851562,736.9911499023438,495.66595458984375,157.97230529785156,217.2143096923828,136.32000732421875
2025-07-01,136.11000061035156,220.4600067138672,175.56802368164062,718.149169921875,490.32470703125,153.2828369140625,217.5421600341797,130.67999267578125
2025-07-02,138.52000427246094,219.9199981689453,178.3636932373047,712.507568359375,489.36810302734375,157.2323760986328,228.4907989501953,132.1199951171875
2025-07-03,137.91000366210938,223.41000366210938,179.2523193359375,717.9395141601562,497.0909423828125,159.3221435546875,235.78329467773438,134.36000061035156
2025-07-07,134.8000030517578,223.47000122070312,176.5165557861328,717.2804565429688,495.974853515625,158.22227478027344,230.75604248046875,139.1199951171875
2025-07-08,137.82000732421875,219.36000061035156,174.09031677246094,719.5969848632812,494.8786926269531,159.98207092285156,232.98153686523438,139.7100067138672
2025-07-09,138.41000366210938,222.5399932861328,176.34681701660156,731.6890258789062,501.74456787109375,162.86175537109375,234.2830352783203,143.1300048828125
2025-07-10,144.16000366210938,222.25999450683594,177.34527587890625,726.1572265625,499.7216796875,164.0816192626953,233.97439575195312,142.5
2025-07-11,146.4199981689453,225.02000427246094,179.91131591796875,716.4417724609375,501.5552062988281,164.90151977539062,229.5537872314453,142.10000610351562
2025-07-14,146.24000549316406,225.69000244140625,181.2791748046875,719.8466186523438,501.2562561035156,164.05162048339844,228.2793731689453,149.14999389648438
2025-07-15,155.61000061035156,226.35000610351562,181.718505859375,709.3323974609375,504.04644775390625,170.6808624267578,233.93458557128906,148.5800018310547
2025-07-16,160.0800018310547,223.19000244140625,182.68701171875,701.8634033203125,503.84716796875,171.35079956054688,240.24691772460938,150.91000366210938
2025-07-17,160.41000366210938,223.8800048828125,183.29605102539062,700.3656616210938,509.9058532714844,172.98062133789062,247.66441345214844,153.99000549316406
2025-07-18,156.99000549316406,226.1300048828125,184.7737579345703,703.2314453125,508.2615966796875,172.39068603515625,244.37879943847656,153.52000427246094
2025-07-21,157.0,229.3000030517578,189.80596923828125,711.908447265625,508.2716064453125,171.36080932617188,242.4771270751953,151.7899932861328
2025-07-22,154.72000122070312,227.47000122070312,191.04405212402344,703.7606201171875,503.4983825683594,167.01129150390625,237.07083129882812,149.07000732421875
2025-07-23,158.64999389648438,228.2899932861328,189.93577575683594,712.517578125,504.09625244140625,170.7608642578125,240.8442840576172,154.6300048828125
2025-07-24,162.1199951171875,232.22999572753906,191.87277221679688,713.7357788085938,509.0887451171875,173.7205352783203,241.77024841308594,154.86000061035156
2025-07-25,166.47000122070312,231.44000244140625,192.88121032714844,711.618896484375,511.9088439941406,173.48056030273438,244.0502471923828,158.8000030517578
2025-07-28,173.66000366210938,232.7899932861328,192.28213500976562,716.5615844726562,510.7030334472656,176.73019409179688,246.62893676757812,157.8800048828125
2025-07-29,177.44000244140625,231.00999450683594,195.44723510742188,698.957763671875,510.7727966308594,175.49032592773438,248.88902282714844,156.24000549316406
2025-07-30,179.50999450683594,230.19000244140625,196.2260284423828,694.1749267578125,511.4404296875,179.2499237060547,249.50633239746094,158.61000061035156
2025-07-31,176.30999755859375,234.11000061035156,191.60317993164062,772.2884521484375,531.62939453125,177.85006713867188,252.66249084472656,158.35000610351562
2025-08-01,171.6999969482422,214.75,188.8374786376953,748.8933715820312,522.2722778320312,173.70053100585938,243.35330200195312,154.27000427246094
2025-08-04,176.77999877929688,211.64999389648438,194.7383270263672,775.214111328125,533.7619018554688,179.97982788085938,251.42791748046875,160.66000366210938
2025-08-05,174.30999755859375,213.75,194.36891174316406,762.3233032226562,525.8995361328125,178.24002075195312,254.55419921875,173.27000427246094
2025-08-06,163.1199951171875,222.30999755859375,195.7866973876953,770.8406372070312,523.0994262695312,179.39988708496094,255.31088256835938,179.5399932861328
2025-08-07,172.39999389648438,223.1300048828125,196.21604919433594,760.6957397460938,519.0137939453125,180.749755859375,248.30160522460938,182.1999969482422
2025-08-08,172.75999450683594,222.69000244140625,201.10845947265625,768.1546630859375,520.2095947265625,182.6795196533203,248.95872497558594,186.9600067138672
2025-08-11,172.27999877929688,221.3000030517578,200.68911743164062,764.729736328125,519.9405517578125,182.0395965576172,251.57725524902344,182.67999267578125
2025-08-12,174.9499969482422,221.47000122070312,203.02549743652344,788.8237915039062,527.3843383789062,183.1394805908203,252.75210571289062,186.97000122070312
2025-08-13,184.4199981689453,224.55999755859375,201.64764404296875,778.9186401367188,518.7546997070312,181.5696563720703,243.1143341064453,184.3699951171875
2025-08-14,180.9499969482422,230.97999572753906,202.62611389160156,780.9655151367188,520.6480102539062,181.99960327148438,243.89096069335938,181.02000427246094
2025-08-15,177.50999450683594,231.02999877929688,203.58462524414062,784.0609130859375,518.3461303710938,180.42977905273438,247.1964569091797,177.1699981689453
2025-08-18,176.13999938964844,231.49000549316406,203.1852569580078,766.2274780273438,515.286865234375,181.98959350585938,247.98300170898438,174.02999877929688
2025-08-19,166.5500030517578,228.00999450683594,201.25823974609375,750.3611450195312,507.98260498046875,175.6203155517578,233.5960693359375,157.75
2025-08-20,165.1999969482422,223.80999755859375,199.01171875,746.6067504882812,503.9468078613281,175.38034057617188,234.03414916992188,156.00999450683594
2025-08-21,163.7100067138672,221.9499969482422,199.4410400390625,737.9995727539062,503.2980041503906,174.96038818359375,232.14244079589844,156.17999267578125
2025-08-22,167.75999450683594,228.83999633789062,205.771240234375,753.6661987304688,506.2824401855469,177.97006225585938,235.3384246826172,158.74000549316406
2025-08-25,163.36000061035156,227.94000244140625,208.1675262451172,752.1784057617188,503.3179931640625,179.78985595703125,234.38262939453125,157.1699981689453
2025-08-26,166.6199951171875,228.7100067138672,206.81961059570312,752.9772338867188,501.1021423339844,181.7496337890625,233.1878662109375,160.8699951171875
2025-08-27,167.1300048828125,229.1199951171875,207.15908813476562,746.2672729492188,505.7933349609375,181.57965087890625,234.78086853027344,156.72000122070312
2025-08-28,168.5800018310547,231.60000610351562,211.31265258789062,749.99169921875,508.68792724609375,180.14981079101562,239.2711944580078,158.1199951171875
2025-08-29,162.6300048828125,229.0,212.5806884765625,737.6002197265625,505.7434387207031,174.1604766845703,225.14312744140625,156.7100067138672
2025-09-02,162.32000732421875,225.33999633789062,211.0231170654297,734.0155029296875,504.1763610839844,170.7608642578125,224.31674194335938,157.08999633789062
2025-09-03,162.1300048828125,225.99000549316406,230.30323791503906,735.95263671875,504.40594482421875,170.60089111328125,222.4748077392578,154.89999389648438
2025-09-04,161.7899932861328,235.67999267578125,231.94070434570312,747.535400390625,507.02105712890625,171.64077758789062,222.0267791748047,156.13999938964844
2025-09-05,151.13999938964844,232.3300018310547,234.63653564453125,751.3297119140625,494.0752868652344,167.0012969970703,231.78402709960938,153.11000061035156
2025-09-08,151.41000366210938,235.83999633789062,233.8870086669922,751.1798706054688,497.2693176269531,168.2911376953125,237.439208984375,156.10000610351562
2025-09-09,155.82000732421875,238.24000549316406,239.47335815429688,764.5599975585938,497.4789123535156,170.74085998535156,240.45599365234375,162.36000061035156
2025-09-10,159.5399932861328,230.3300018310547,239.01365661621094,750.8604125976562,499.43524169921875,177.3101348876953,326.8970642089844,166.74000549316406
2025-09-11,155.6699981689453,229.9499969482422,240.21287536621094,749.7820434570312,500.0740661621094,177.16014099121094,306.51641845703125,164.36000061035156
2025-09-12,158.57000732421875,228.14999389648438,240.64259338378906,754.4650268554688,508.94744873046875,177.8101043701172,290.90484619140625,171.42999267578125
2025-09-15,161.16000366210938,231.42999267578125,251.44552612304688,763.5614624023438,514.397216796875,177.74009704589844,300.8214111328125,171.2100067138672
2025-09-16,160.4600067138672,234.0500030517578,250.99581909179688,777.8401489257812,508.08905029296875,174.87026977539062,305.31170654296875,170.25999450683594
2025-09-17,159.16000366210938,231.6199951171875,249.36688232421875,774.5650634765625,509.06719970703125,170.280517578125,300.0945739746094,168.3300018310547
2025-09-18,157.9199981689453,231.22999572753906,251.86524963378906,779.0883178710938,507.5001525878906,176.23019409179688,295.32550048828125,176.97000122070312
2025-09-19,157.38999938964844,231.47999572753906,254.55349731445312,777.2210693359375,516.96240234375,176.66015625,307.3129577636719,182.38999938964844
2025-09-22,159.7899932861328,227.6300048828125,252.36492919921875,764.5364379882812,513.4889526367188,183.5997772216797,326.7178649902344,179.3300018310547
2025-09-23,160.89999389648438,220.7100067138672,251.49549865722656,754.784423828125,508.2787170410156,178.42005920410156,312.4603576660156,182.5500030517578
2025-09-24,160.8800048828125,220.2100067138672,246.97845458984375,760.0401000976562,509.19696044921875,176.96014404296875,307.1138000488281,179.55999755859375
2025-09-25,161.27000427246094,218.14999389648438,245.6293182373047,748.2996826171875,506.0827941894531,177.68011474609375,290.0585632324219,179.1199951171875
2025-09-26,159.4600067138672,219.77999877929688,246.3788299560547,743.1439208984375,510.5045166015625,178.18008422851562,282.2229309082031,177.57000732421875
2025-09-29,161.36000061035156,222.1699981689453,243.89047241210938,742.794189453125,513.6386108398438,181.8398895263672,281.5259704589844,178.86000061035156
